"Date","Volume","Adj.Close","Stock"
2014-10-13,53485500,99.81,"Apple"
2014-10-10,66270200,100.73,"Apple"
2014-10-09,77312200,101.02,"Apple"
2014-10-08,57364800,100.8,"Apple"
2014-10-07,42068200,98.75,"Apple"
2014-10-06,36974800,99.62,"Apple"
2014-10-03,43445800,99.62,"Apple"
2014-10-02,47681000,99.9,"Apple"
2014-10-01,51404400,99.18,"Apple"
2014-09-30,55138200,100.75,"Apple"
2014-09-29,49579400,100.11,"Apple"
2014-09-26,62286100,100.75,"Apple"
2014-09-25,99902100,97.87,"Apple"
2014-09-24,60049400,101.75,"Apple"
2014-09-23,63347200,102.64,"Apple"
2014-09-22,52722000,101.06,"Apple"
2014-09-19,70838500,100.96,"Apple"
2014-09-18,37023900,101.79,"Apple"
2014-09-17,60892400,101.58,"Apple"
2014-09-16,66818200,100.86,"Apple"
2014-09-15,61216500,101.63,"Apple"
2014-09-12,62626100,101.66,"Apple"
2014-09-11,62353100,101.43,"Apple"
2014-09-10,100741900,101,"Apple"
2014-09-09,189560600,97.99,"Apple"
2014-09-08,46277800,98.36,"Apple"
2014-09-05,58353200,98.97,"Apple"
2014-09-04,85594800,98.12,"Apple"
2014-09-03,125233100,98.94,"Apple"
2014-09-02,53491400,103.3,"Apple"
2014-08-29,44567000,102.5,"Apple"
2014-08-28,68389800,102.25,"Apple"
2014-08-27,46827400,102.13,"Apple"
2014-08-26,33119800,100.89,"Apple"
2014-08-25,40144700,101.54,"Apple"
2014-08-22,44102400,101.32,"Apple"
2014-08-21,33421900,100.58,"Apple"
2014-08-20,52612800,100.57,"Apple"
2014-08-19,69274700,100.53,"Apple"
2014-08-18,47572000,99.16,"Apple"
2014-08-15,48951000,97.98,"Apple"
2014-08-14,28116000,97.5,"Apple"
2014-08-13,31916000,97.24,"Apple"
2014-08-12,33795000,95.97,"Apple"
2014-08-11,36585000,95.99,"Apple"
2014-08-08,41865000,94.74,"Apple"
2014-08-07,46711000,94.48,"Apple"
2014-08-06,38558000,94.49,"Apple"
2014-08-05,55933000,94.65,"Apple"
2014-08-04,39958000,95.12,"Apple"
2014-08-01,48511000,95.65,"Apple"
2014-07-31,56843000,95.13,"Apple"
2014-07-30,33010000,97.66,"Apple"
2014-07-29,43143000,97.89,"Apple"
2014-07-28,55318000,98.53,"Apple"
2014-07-25,43469000,97.19,"Apple"
2014-07-24,45729000,96.55,"Apple"
2014-07-23,92918000,96.71,"Apple"
2014-07-22,55197000,94.25,"Apple"
2014-07-21,39079000,93.48,"Apple"
2014-07-18,49988000,93.96,"Apple"
2014-07-17,57298000,92.63,"Apple"
2014-07-16,53502000,94.31,"Apple"
2014-07-15,45477900,94.85,"Apple"
2014-07-14,42810000,95.97,"Apple"
2014-07-11,34018000,94.75,"Apple"
2014-07-10,39686000,94.57,"Apple"
2014-07-09,36436000,94.92,"Apple"
2014-07-08,65222000,94.88,"Apple"
2014-07-07,56468000,95.5,"Apple"
2014-07-03,22891800,93.56,"Apple"
2014-07-02,28465000,93.02,"Apple"
2014-07-01,38223000,93.06,"Apple"
2014-06-30,49589000,92.47,"Apple"
2014-06-27,64029000,91.52,"Apple"
2014-06-26,32629000,90.45,"Apple"
2014-06-25,36869000,89.91,"Apple"
2014-06-24,39036000,89.83,"Apple"
2014-06-23,43694000,90.38,"Apple"
2014-06-20,100898000,90.46,"Apple"
2014-06-19,35528000,91.41,"Apple"
2014-06-18,33514000,91.72,"Apple"
2014-06-17,29726000,91.62,"Apple"
2014-06-16,35561000,91.74,"Apple"
2014-06-13,54525000,90.83,"Apple"
2014-06-12,54749000,91.83,"Apple"
2014-06-11,45681000,93.4,"Apple"
2014-06-10,62777000,93.78,"Apple"
2014-06-09,75415000,93.24,"Apple"
2014-06-06,87484600,91.77,"Apple"
2014-06-05,75951400,92.02,"Apple"
2014-06-04,83870500,91.66,"Apple"
2014-06-03,73177300,90.63,"Apple"
2014-06-02,92337700,89.36,"Apple"
2014-05-30,141005200,89.98,"Apple"
2014-05-29,94118500,90.32,"Apple"
2014-05-28,78870400,88.7,"Apple"
2014-05-27,87216500,88.93,"Apple"
2014-05-23,58052400,87.3,"Apple"
2014-05-22,50190000,86.32,"Apple"
2014-05-21,49214900,86.19,"Apple"
2014-05-20,58709000,85.96,"Apple"
2014-05-19,79438800,85.94,"Apple"
2014-05-16,69064100,84.94,"Apple"
2014-05-15,57711500,83.7,"Apple"
2014-05-14,41601000,84.42,"Apple"
2014-05-13,39934300,84.4,"Apple"
2014-05-12,53302200,84.27,"Apple"
2014-05-09,72899400,83.23,"Apple"
2014-05-08,57574300,83.58,"Apple"
2014-05-07,70716100,83.73,"Apple"
2014-05-06,93641100,84.03,"Apple"
2014-05-05,71766800,84.95,"Apple"
2014-05-02,47878600,83.77,"Apple"
2014-05-01,61012000,83.61,"Apple"
2014-04-30,114160200,83.42,"Apple"
2014-04-29,84344400,83.73,"Apple"
2014-04-28,167371400,83.98,"Apple"
2014-04-25,97568800,80.85,"Apple"
2014-04-24,189977900,80.26,"Apple"
2014-04-23,98735000,74.18,"Apple"
2014-04-22,50640800,75.16,"Apple"
2014-04-21,45637200,75.09,"Apple"
2014-04-17,71083600,74.21,"Apple"
2014-04-16,53691400,73.37,"Apple"
2014-04-15,66622500,73.22,"Apple"
2014-04-14,51418500,73.74,"Apple"
2014-04-11,67929400,73.45,"Apple"
2014-04-10,59913000,74,"Apple"
2014-04-09,51542400,74.97,"Apple"
2014-04-08,60972100,73.99,"Apple"
2014-04-07,72462600,74,"Apple"
2014-04-04,68812800,75.18,"Apple"
2014-04-03,40586000,76.16,"Apple"
2014-04-02,45105200,76.7,"Apple"
2014-04-01,50190000,76.57,"Apple"
2014-03-31,42167300,75.87,"Apple"
2014-03-28,50141000,75.89,"Apple"
2014-03-27,55507900,75.98,"Apple"
2014-03-26,74942000,76.3,"Apple"
2014-03-25,70573300,77.04,"Apple"
2014-03-24,88925200,76.22,"Apple"
2014-03-21,93511600,75.33,"Apple"
2014-03-20,52099600,74.74,"Apple"
2014-03-19,56189000,75.1,"Apple"
2014-03-18,52411800,75.12,"Apple"
2014-03-17,49886200,74.46,"Apple"
2014-03-14,59299800,74.17,"Apple"
2014-03-13,64435700,75.01,"Apple"
2014-03-12,49831600,75.86,"Apple"
2014-03-11,69806100,75.78,"Apple"
2014-03-10,44646000,75.05,"Apple"
2014-03-07,55182400,74.98,"Apple"
2014-03-06,46372200,75.03,"Apple"
2014-03-05,50015700,75.25,"Apple"
2014-03-04,64785000,75.1,"Apple"
2014-03-03,59695300,74.6,"Apple"
2014-02-28,92992200,74.39,"Apple"
2014-02-27,75470500,74.59,"Apple"
2014-02-26,69054300,73.13,"Apple"
2014-02-25,57988000,73.8,"Apple"
2014-02-24,72227400,74.57,"Apple"
2014-02-21,69696200,74.25,"Apple"
2014-02-20,76464500,75.08,"Apple"
2014-02-19,78442000,75.96,"Apple"
2014-02-18,65062900,77.18,"Apple"
2014-02-14,68231100,76.9,"Apple"
2014-02-13,76849500,76.96,"Apple"
2014-02-12,77025200,75.76,"Apple"
2014-02-11,70564200,75.76,"Apple"
2014-02-10,86389800,74.78,"Apple"
2014-02-07,92570100,73.46,"Apple"
2014-02-06,64441300,72.45,"Apple"
2014-02-05,82086200,72.03,"Apple"
2014-02-04,94170300,71.49,"Apple"
2014-02-03,100366000,70.47,"Apple"
2014-01-31,116199300,70.34,"Apple"
2014-01-30,169625400,70.23,"Apple"
2014-01-29,125702500,70.37,"Apple"
2014-01-28,266380800,71.17,"Apple"
2014-01-27,138719700,77.36,"Apple"
2014-01-24,107338700,76.73,"Apple"
2014-01-23,100809800,78.15,"Apple"
2014-01-22,94996300,77.5,"Apple"
2014-01-21,82131700,77.15,"Apple"
2014-01-17,106684900,75.97,"Apple"
2014-01-16,57319500,77.88,"Apple"
2014-01-15,97909700,78.32,"Apple"
2014-01-14,83140400,76.78,"Apple"
2014-01-13,94623200,75.28,"Apple"
2014-01-10,76244000,74.89,"Apple"
2014-01-09,69787200,75.39,"Apple"
2014-01-08,64632400,76.37,"Apple"
2014-01-07,79302300,75.89,"Apple"
2014-01-06,103152700,76.43,"Apple"
2014-01-03,98116900,76.02,"Apple"
2014-01-02,58671200,77.73,"Apple"
2013-12-31,55771100,78.83,"Apple"
2013-12-30,63407400,77.92,"Apple"
2013-12-27,56471100,78.7,"Apple"
2013-12-26,51002000,79.24,"Apple"
2013-12-24,41888700,79.77,"Apple"
2013-12-23,125326600,80.11,"Apple"
2013-12-20,109103400,77.15,"Apple"
2013-12-19,80077200,76.51,"Apple"
2013-12-18,141465800,77.39,"Apple"
2013-12-17,57475600,77.99,"Apple"
2013-12-16,70648200,78.34,"Apple"
2013-12-13,83205500,77.91,"Apple"
2013-12-12,65572500,78.77,"Apple"
2013-12-11,89929700,78.88,"Apple"
2013-12-10,69567400,79.47,"Apple"
2013-12-09,80123400,79.59,"Apple"
2013-12-06,86088100,78.69,"Apple"
2013-12-05,111895000,79.8,"Apple"
2013-12-04,94452400,79.39,"Apple"
2013-12-03,112742000,79.58,"Apple"
2013-12-02,118136200,77.46,"Apple"
2013-11-29,79531900,78.14,"Apple"
2013-11-27,90862100,76.72,"Apple"
2013-11-26,100345700,74.95,"Apple"
2013-11-25,57327900,73.6,"Apple"
2013-11-22,55931400,73.04,"Apple"
2013-11-21,65506700,73.23,"Apple"
2013-11-20,48479200,72.37,"Apple"
2013-11-19,52234700,73.01,"Apple"
2013-11-18,61236000,72.88,"Apple"
2013-11-15,79480100,73.77,"Apple"
2013-11-14,70604800,74.22,"Apple"
2013-11-13,49305200,73.16,"Apple"
2013-11-12,51069200,73.07,"Apple"
2013-11-11,56863100,72.94,"Apple"
2013-11-08,69829200,73.15,"Apple"
2013-11-07,65655100,72.01,"Apple"
2013-11-06,55843900,73.2,"Apple"
2013-11-05,66303300,73.41,"Apple"
2013-11-04,61156900,73.59,"Apple"
2013-11-01,68722500,72.65,"Apple"
2013-10-31,68924100,73.02,"Apple"
2013-10-30,88540900,73.33,"Apple"
2013-10-29,158951800,72.18,"Apple"
2013-10-28,137610200,74.03,"Apple"
2013-10-25,84448000,73.48,"Apple"
2013-10-24,96191200,74.31,"Apple"
2013-10-23,78430800,73.34,"Apple"
2013-10-22,133515900,72.63,"Apple"
2013-10-21,99526700,72.84,"Apple"
2013-10-18,72635500,71.09,"Apple"
2013-10-17,63398300,70.48,"Apple"
2013-10-16,62775300,70.01,"Apple"
2013-10-15,80018400,69.67,"Apple"
2013-10-14,65474500,69.3,"Apple"
2013-10-11,66934700,68.85,"Apple"
2013-10-10,69650700,68.4,"Apple"
2013-10-09,75431300,67.98,"Apple"
2013-10-08,72729300,67.19,"Apple"
2013-10-07,78073100,68.14,"Apple"
2013-10-04,64717100,67.48,"Apple"
2013-10-03,80688300,67.53,"Apple"
2013-10-02,72296000,68.39,"Apple"
2013-10-01,88470900,68.17,"Apple"
2013-09-30,65039100,66.6,"Apple"
2013-09-27,57010100,67.44,"Apple"
2013-09-26,59305400,67.93,"Apple"
2013-09-25,79239300,67.27,"Apple"
2013-09-24,91086100,68.33,"Apple"
2013-09-23,190526700,68.54,"Apple"
2013-09-20,174825700,65.3,"Apple"
2013-09-19,101135300,65.98,"Apple"
2013-09-18,114215500,64.92,"Apple"
2013-09-17,99845200,63.61,"Apple"
2013-09-16,135926700,62.88,"Apple"
2013-09-13,74708900,64.95,"Apple"
2013-09-12,101012800,66.04,"Apple"
2013-09-11,224674100,65.34,"Apple"
2013-09-10,185798900,69.1,"Apple"
2013-09-09,85171800,70.71,"Apple"
2013-09-06,89881400,69.6,"Apple"
2013-09-05,59091900,69.19,"Apple"
2013-09-04,86258200,69.67,"Apple"
2013-09-03,82982200,68.26,"Apple"
2013-08-30,68074300,68.07,"Apple"
2013-08-29,59914400,68.69,"Apple"
2013-08-28,76902000,68.58,"Apple"
2013-08-27,106047200,68.26,"Apple"
2013-08-26,82741400,70.27,"Apple"
2013-08-23,55682900,69.99,"Apple"
2013-08-22,61051900,70.27,"Apple"
2013-08-21,83969900,70.18,"Apple"
2013-08-20,89672100,70,"Apple"
2013-08-19,127629600,70.93,"Apple"
2013-08-16,90576500,70.18,"Apple"
2013-08-15,122573500,69.56,"Apple"
2013-08-14,189093100,69.64,"Apple"
2013-08-13,220485300,68.39,"Apple"
2013-08-12,91108500,65.29,"Apple"
2013-08-09,66716300,63.49,"Apple"
2013-08-08,63944300,64.4,"Apple"
2013-08-07,74714500,64.53,"Apple"
2013-08-06,83714400,64.57,"Apple"
2013-08-05,79713900,65.15,"Apple"
2013-08-02,68695900,64.19,"Apple"
2013-08-01,51562700,63.38,"Apple"
2013-07-31,80739400,62.81,"Apple"
2013-07-30,77355600,62.92,"Apple"
2013-07-29,62014400,62.15,"Apple"
2013-07-26,50038100,61.2,"Apple"
2013-07-25,57373400,60.86,"Apple"
2013-07-24,147984200,61.14,"Apple"
2013-07-23,92348900,58.15,"Apple"
2013-07-22,51949100,59.17,"Apple"
2013-07-19,67180400,58.98,"Apple"
2013-07-18,54719700,59.92,"Apple"
2013-07-17,49747600,59.72,"Apple"
2013-07-16,54134500,59.71,"Apple"
2013-07-15,60479300,59.32,"Apple"
2013-07-12,69890800,59.19,"Apple"
2013-07-11,81573100,59.3,"Apple"
2013-07-10,70351400,58.39,"Apple"
2013-07-09,88146100,58.62,"Apple"
2013-07-08,74534600,57.6,"Apple"
2013-07-05,68506200,57.93,"Apple"
2013-07-03,60232200,58.4,"Apple"
2013-07-02,117466300,58.08,"Apple"
2013-07-01,97763400,56.79,"Apple"
2013-06-28,144629100,55.03,"Apple"
2013-06-27,84311500,54.65,"Apple"
2013-06-26,91931000,55.25,"Apple"
2013-06-25,78540700,55.88,"Apple"
2013-06-24,120186500,55.87,"Apple"
2013-06-21,120279600,57.39,"Apple"
2013-06-20,89327700,57.85,"Apple"
2013-06-19,77735000,58.71,"Apple"
2013-06-18,48756400,59.92,"Apple"
2013-06-17,64853600,59.96,"Apple"
2013-06-14,67966500,59.69,"Apple"
2013-06-13,71458100,60.51,"Apple"
2013-06-12,66306800,59.98,"Apple"
2013-06-11,71528100,60.73,"Apple"
2013-06-10,112538300,60.91,"Apple"
2013-06-07,101133900,61.32,"Apple"
2013-06-06,104233500,60.85,"Apple"
2013-06-05,72647400,61.78,"Apple"
2013-06-04,73182200,62.36,"Apple"
2013-06-03,93088100,62.55,"Apple"
2013-05-31,96075700,62.42,"Apple"
2013-05-30,88379900,62.67,"Apple"
2013-05-29,82644100,61.75,"Apple"
2013-05-28,96536300,61.27,"Apple"
2013-05-24,69041700,61.78,"Apple"
2013-05-23,88255300,61.36,"Apple"
2013-05-22,110759600,61.25,"Apple"
2013-05-21,114005500,61.02,"Apple"
2013-05-20,112894600,61.47,"Apple"
2013-05-17,106976100,60.13,"Apple"
2013-05-16,150801000,60.31,"Apple"
2013-05-15,185403400,59.52,"Apple"
2013-05-14,111779500,61.6,"Apple"
2013-05-13,79237200,63.11,"Apple"
2013-05-10,83713000,62.87,"Apple"
2013-05-09,99621900,63.39,"Apple"
2013-05-08,118149500,63.95,"Apple"
2013-05-07,120938300,63.24,"Apple"
2013-05-06,124160400,63.52,"Apple"
2013-05-03,90325200,62.04,"Apple"
2013-05-02,105457100,61.43,"Apple"
2013-05-01,126727300,60.57,"Apple"
2013-04-30,172884600,61.05,"Apple"
2013-04-29,160081600,59.3,"Apple"
2013-04-26,191024400,57.52,"Apple"
2013-04-25,96209400,56.31,"Apple"
2013-04-24,242412800,55.9,"Apple"
2013-04-23,166059600,56,"Apple"
2013-04-22,107480100,54.97,"Apple"
2013-04-19,152318600,53.84,"Apple"
2013-04-18,166574800,54.05,"Apple"
2013-04-17,236264000,55.54,"Apple"
2013-04-16,76442800,58.77,"Apple"
2013-04-15,79380000,57.89,"Apple"
2013-04-12,59653300,59.26,"Apple"
2013-04-11,82091100,59.88,"Apple"
2013-04-10,93982000,60.07,"Apple"
2013-04-09,76653500,58.87,"Apple"
2013-04-08,75207300,58.76,"Apple"
2013-04-05,95923800,58.35,"Apple"
2013-04-04,89611900,58.97,"Apple"
2013-04-03,90804000,59.56,"Apple"
2013-04-02,132379800,59.26,"Apple"
2013-04-01,97433000,59.14,"Apple"
2013-03-28,110709900,61.03,"Apple"
2013-03-27,82809300,62.33,"Apple"
2013-03-26,73573500,63.58,"Apple"
2013-03-25,125283900,63.92,"Apple"
2013-03-22,98776300,63.69,"Apple"
2013-03-21,95813900,62.42,"Apple"
2013-03-20,77165200,62.33,"Apple"
2013-03-19,131693800,62.66,"Apple"
2013-03-18,151549300,62.83,"Apple"
2013-03-15,160990200,61.17,"Apple"
2013-03-14,75968900,59.63,"Apple"
2013-03-13,101387300,59.06,"Apple"
2013-03-12,116477900,59.07,"Apple"
2013-03-11,118559000,60.37,"Apple"
2013-03-08,97870500,59.52,"Apple"
2013-03-07,117118400,59.37,"Apple"
2013-03-06,115062500,58.69,"Apple"
2013-03-05,159608400,59.44,"Apple"
2013-03-04,145688900,57.91,"Apple"
2013-03-01,138112100,59.35,"Apple"
2013-02-28,80628800,60.86,"Apple"
2013-02-27,146837600,61.3,"Apple"
2013-02-26,125374900,61.9,"Apple"
2013-02-25,93144800,61.05,"Apple"
2013-02-22,82663700,62.16,"Apple"
2013-02-21,111795600,61.5,"Apple"
2013-02-20,119075600,61.89,"Apple"
2013-02-19,108945900,63.42,"Apple"
2013-02-15,97936300,63.44,"Apple"
2013-02-14,88818800,64.33,"Apple"
2013-02-13,118801900,64.39,"Apple"
2013-02-12,152263300,64.51,"Apple"
2013-02-11,129372600,66.17,"Apple"
2013-02-08,158289600,65.49,"Apple"
2013-02-07,176145200,64.56,"Apple"
2013-02-06,148426600,62.69,"Apple"
2013-02-05,143336900,62.76,"Apple"
2013-02-04,119279300,60.63,"Apple"
2013-02-01,134871100,62.18,"Apple"
2013-01-31,79833600,62.44,"Apple"
2013-01-30,104288800,62.62,"Apple"
2013-01-29,142789500,62.82,"Apple"
2013-01-28,196379400,61.66,"Apple"
2013-01-25,302006600,60.3,"Apple"
2013-01-24,365213100,61.75,"Apple"
2013-01-23,215377400,70.46,"Apple"
2013-01-22,115386600,69.19,"Apple"
2013-01-18,118230700,68.54,"Apple"
2013-01-17,113419600,68.91,"Apple"
2013-01-16,172701200,69.37,"Apple"
2013-01-15,219193100,66.61,"Apple"
2013-01-14,183551900,68.78,"Apple"
2013-01-11,87626700,71.32,"Apple"
2013-01-10,150286500,71.76,"Apple"
2013-01-09,101901100,70.88,"Apple"
2013-01-08,114676800,72.01,"Apple"
2013-01-07,121039100,71.81,"Apple"
2013-01-04,148583400,72.24,"Apple"
2013-01-03,88241300,74.31,"Apple"
2013-01-02,140129500,75.26,"Apple"
2012-12-31,164873100,72.95,"Apple"
2012-12-28,88569600,69.85,"Apple"
2012-12-27,113780100,70.6,"Apple"
2012-12-26,75609100,70.32,"Apple"
2012-12-24,43938300,71.3,"Apple"
2012-12-21,149067100,71.19,"Apple"
2012-12-20,120422400,71.52,"Apple"
2012-12-19,112342300,72.14,"Apple"
2012-12-18,156421300,73.18,"Apple"
2012-12-17,189401800,71.12,"Apple"
2012-12-14,252394800,69.88,"Apple"
2012-12-13,156314900,72.61,"Apple"
2012-12-12,121786000,73.88,"Apple"
2012-12-11,148086400,74.21,"Apple"
2012-12-10,157621100,72.63,"Apple"
2012-12-07,196760200,73.1,"Apple"
2012-12-06,294303100,75.01,"Apple"
2012-12-05,261159500,73.86,"Apple"
2012-12-04,139267100,78.94,"Apple"
2012-12-03,91070000,80.35,"Apple"
2012-11-30,97829900,80.23,"Apple"
2012-11-29,128674700,80.79,"Apple"
2012-11-28,130216100,79.91,"Apple"
2012-11-27,133332500,80.16,"Apple"
2012-11-26,157644900,80.81,"Apple"
2012-11-23,68206600,78.34,"Apple"
2012-11-21,93250500,77,"Apple"
2012-11-20,160688500,76.89,"Apple"
2012-11-19,205829400,77.55,"Apple"
2012-11-16,316723400,72.33,"Apple"
2012-11-15,197477700,72.05,"Apple"
2012-11-14,119292600,73.59,"Apple"
2012-11-13,133237300,74.42,"Apple"
2012-11-12,128950500,74.41,"Apple"
2012-11-09,232478400,74.99,"Apple"
2012-11-08,264036500,73.71,"Apple"
2012-11-07,198412200,76.49,"Apple"
2012-11-06,93729300,79.53,"Apple"
2012-11-05,132283900,79.77,"Apple"
2012-11-02,149843400,78.71,"Apple"
2012-11-01,90324500,81.4,"Apple"
2012-10-31,127500800,81.23,"Apple"
2012-10-26,254608200,82.42,"Apple"
2012-10-25,164081400,83.17,"Apple"
2012-10-24,139631800,84.17,"Apple"
2012-10-23,176786400,83.69,"Apple"
2012-10-22,136682700,86.52,"Apple"
2012-10-19,186021500,83.21,"Apple"
2012-10-18,119156100,86.33,"Apple"
2012-10-17,97259400,87.96,"Apple"
2012-10-16,137442900,88.67,"Apple"
2012-10-15,108125500,86.61,"Apple"
2012-10-12,115003700,85.93,"Apple"
2012-10-11,136520300,85.71,"Apple"
2012-10-10,127589000,87.45,"Apple"
2012-10-09,209649300,86.76,"Apple"
2012-10-08,159498500,87.08,"Apple"
2012-10-05,148501500,89.05,"Apple"
2012-10-04,92681400,90.99,"Apple"
2012-10-03,106070300,91.62,"Apple"
2012-10-02,156998100,90.24,"Apple"
2012-10-01,135898700,89.98,"Apple"
2012-09-28,133777700,91.03,"Apple"
2012-09-27,148522500,92.97,"Apple"
2012-09-26,144125800,90.77,"Apple"
2012-09-25,129697400,91.91,"Apple"
2012-09-24,159941600,94.26,"Apple"
2012-09-21,142897300,95.53,"Apple"
2012-09-20,84142100,95.34,"Apple"
2012-09-19,81718700,95.8,"Apple"
2012-09-18,93375800,95.78,"Apple"
2012-09-17,99507800,95.49,"Apple"
2012-09-14,150118500,94.33,"Apple"
2012-09-13,149590000,93.19,"Apple"
2012-09-12,178058300,91.39,"Apple"
2012-09-11,125995800,90.14,"Apple"
2012-09-10,121999500,90.43,"Apple"
2012-09-07,82416600,92.85,"Apple"
2012-09-06,97799100,92.28,"Apple"
2012-09-05,84093800,91.45,"Apple"
2012-09-04,91973000,92.1,"Apple"
2012-08-31,84580300,90.77,"Apple"
2012-08-30,75674900,90.59,"Apple"
2012-08-29,50701700,91.9,"Apple"
2012-08-28,66854200,92.08,"Apple"
2012-08-27,106752100,92.2,"Apple"
2012-08-24,109335100,90.5,"Apple"
2012-08-23,105032200,90.42,"Apple"
2012-08-22,141330700,91.27,"Apple"
2012-08-21,203179900,89.52,"Apple"
2012-08-20,153346200,90.76,"Apple"
2012-08-17,110690300,88.44,"Apple"
2012-08-16,63633500,86.83,"Apple"
2012-08-15,64335600,86.08,"Apple"
2012-08-14,85042300,86.2,"Apple"
2012-08-13,69708100,85.97,"Apple"
2012-08-10,48734700,84.83,"Apple"
2012-08-09,55410600,84.7,"Apple"
2012-08-08,61176500,84.22,"Apple"
2012-08-07,72611700,84.36,"Apple"
2012-08-06,75525800,84.59,"Apple"
2012-08-03,86230200,83.65,"Apple"
2012-08-02,83039600,82.58,"Apple"
2012-08-01,96125400,82.45,"Apple"
2012-07-31,115581900,82.98,"Apple"
2012-07-30,94785600,80.85,"Apple"
2012-07-27,100984100,79.51,"Apple"
2012-07-26,101658200,78.11,"Apple"
2012-07-25,219328200,78.12,"Apple"
2012-07-24,141283100,81.65,"Apple"
2012-07-23,121993900,82.04,"Apple"
2012-07-20,99367800,82.11,"Apple"
2012-07-19,109215400,83.47,"Apple"
2012-07-18,63175000,82.37,"Apple"
2012-07-17,73406200,82.46,"Apple"
2012-07-16,75315100,82.46,"Apple"
2012-07-13,77856800,82.2,"Apple"
2012-07-12,107010400,81.37,"Apple"
2012-07-11,117330500,82.12,"Apple"
2012-07-10,127989400,82.64,"Apple"
2012-07-09,94851400,83.41,"Apple"
2012-07-06,104732600,82.32,"Apple"
2012-07-05,121095800,82.87,"Apple"
2012-07-03,60428200,81.44,"Apple"
2012-07-02,100023000,80.51,"Apple"
2012-06-29,105375200,79.35,"Apple"
2012-06-28,70709100,77.32,"Apple"
2012-06-27,50749300,78.06,"Apple"
2012-06-26,69134100,77.72,"Apple"
2012-06-25,76095600,77.55,"Apple"
2012-06-22,71117900,79.09,"Apple"
2012-06-21,81587800,78.49,"Apple"
2012-06-20,89735800,79.58,"Apple"
2012-06-19,90351100,79.81,"Apple"
2012-06-18,110103000,79.59,"Apple"
2012-06-15,83813800,78.01,"Apple"
2012-06-14,86393300,77.65,"Apple"
2012-06-13,73395000,77.74,"Apple"
2012-06-12,108845100,78.28,"Apple"
2012-06-11,147816200,77.6,"Apple"
2012-06-08,86879100,78.85,"Apple"
2012-06-07,94941700,77.68,"Apple"
2012-06-06,100363900,77.64,"Apple"
2012-06-05,97053600,76.47,"Apple"
2012-06-04,139248900,76.67,"Apple"
2012-06-01,130246900,76.22,"Apple"
2012-05-31,122918600,78.5,"Apple"
2012-05-30,132357400,78.69,"Apple"
2012-05-29,95127200,77.75,"Apple"
2012-05-25,82126800,76.4,"Apple"
2012-05-24,124057500,76.81,"Apple"
2012-05-23,146224400,77.52,"Apple"
2012-05-22,173717600,75.68,"Apple"
2012-05-21,157776500,76.26,"Apple"
2012-05-18,183073100,72.06,"Apple"
2012-05-17,179305000,72.03,"Apple"
2012-05-16,140224000,74.2,"Apple"
2012-05-15,119084000,75.16,"Apple"
2012-05-14,88156600,75.84,"Apple"
2012-05-11,99886500,77,"Apple"
2012-05-10,83300000,77.52,"Apple"
2012-05-09,120176000,77.33,"Apple"
2012-05-08,124313000,77.2,"Apple"
2012-05-07,115029600,77.37,"Apple"
2012-05-04,132498100,76.8,"Apple"
2012-05-03,97637400,79.05,"Apple"
2012-05-02,106847300,79.62,"Apple"
2012-05-01,152749800,79.09,"Apple"
2012-04-30,126536200,79.34,"Apple"
2012-04-27,101680600,81.93,"Apple"
2012-04-26,134017100,82.57,"Apple"
2012-04-25,226444400,82.88,"Apple"
2012-04-24,269037300,76.12,"Apple"
2012-04-23,241632300,77.68,"Apple"
2012-04-20,257746300,77.85,"Apple"
2012-04-19,208679800,79.82,"Apple"
2012-04-18,238632800,82.65,"Apple"
2012-04-17,256382000,82.84,"Apple"
2012-04-16,262696700,78.82,"Apple"
2012-04-13,214911200,82.23,"Apple"
2012-04-12,153584200,84.62,"Apple"
2012-04-11,174153700,85.08,"Apple"
2012-04-10,222431300,85.39,"Apple"
2012-04-09,149384200,86.44,"Apple"
2012-04-05,160324500,86.1,"Apple"
2012-04-04,143245200,84.82,"Apple"
2012-04-03,208639900,85.51,"Apple"
2012-04-02,149587900,84.05,"Apple"
2012-03-30,182759500,81.46,"Apple"
2012-03-29,152059600,82.86,"Apple"
2012-03-28,163865100,83.92,"Apple"
2012-03-27,151782400,83.49,"Apple"
2012-03-26,148935500,82.47,"Apple"
2012-03-23,107622200,80.98,"Apple"
2012-03-22,155967700,81.43,"Apple"
2012-03-21,161010500,81.86,"Apple"
2012-03-20,204165500,82.33,"Apple"
2012-03-19,225309000,81.67,"Apple"
2012-03-16,206371900,79.56,"Apple"
2012-03-15,289929500,79.56,"Apple"
2012-03-14,354711000,80.11,"Apple"
2012-03-13,172713800,77.19,"Apple"
2012-03-12,101820600,75,"Apple"
2012-03-09,104729800,74.07,"Apple"
2012-03-08,129114300,73.64,"Apple"
2012-03-07,199630200,72.1,"Apple"
2012-03-06,202559700,72.05,"Apple"
2012-03-05,202281100,72.44,"Apple"
2012-03-02,107928100,74.07,"Apple"
2012-03-01,170817500,73.98,"Apple"
2012-02-29,238002800,73.7,"Apple"
2012-02-28,150096800,72.75,"Apple"
2012-02-27,136895500,71.43,"Apple"
2012-02-24,103768000,70.98,"Apple"
2012-02-23,142006900,70.16,"Apple"
2012-02-22,120825600,69.71,"Apple"
2012-02-21,151398800,69.95,"Apple"
2012-02-17,133951300,68.22,"Apple"
2012-02-16,236138000,68.23,"Apple"
2012-02-15,376530000,67.62,"Apple"
2012-02-14,115099600,69.22,"Apple"
2012-02-13,129304000,68.29,"Apple"
2012-02-10,157825500,67.04,"Apple"
2012-02-09,221053700,67.01,"Apple"
2012-02-08,101972500,64.77,"Apple"
2012-02-07,79055900,63.7,"Apple"
2012-02-06,62353200,63.04,"Apple"
2012-02-03,71649900,62.46,"Apple"
2012-02-02,46699100,61.84,"Apple"
2012-02-01,67511500,61.98,"Apple"
2012-01-31,97920900,62.02,"Apple"
2012-01-30,94835300,61.55,"Apple"
2012-01-27,74927300,60.77,"Apple"
2012-01-26,80996300,60.41,"Apple"
2012-01-25,239578500,60.69,"Apple"
2012-01-24,136909500,57.12,"Apple"
2012-01-23,76515600,58.07,"Apple"
2012-01-20,103493600,57.11,"Apple"
2012-01-19,65434600,58.12,"Apple"
2012-01-18,69197800,58.3,"Apple"
2012-01-17,60724300,57.7,"Apple"
2012-01-13,56505400,57.04,"Apple"
2012-01-12,53146800,57.25,"Apple"
2012-01-11,53771200,57.41,"Apple"
2012-01-10,64549100,57.51,"Apple"
2012-01-09,98506100,57.3,"Apple"
2012-01-06,79573200,57.39,"Apple"
2012-01-05,67817400,56.8,"Apple"
2012-01-04,65005500,56.17,"Apple"
2012-01-03,75555200,55.87,"Apple"
2011-12-30,44915500,55.03,"Apple"
2011-12-29,53994500,55.04,"Apple"
2011-12-28,57165500,54.71,"Apple"
2011-12-27,66269000,55.23,"Apple"
2011-12-23,67349800,54.8,"Apple"
2011-12-22,50589700,54.15,"Apple"
2011-12-21,65737000,53.87,"Apple"
2011-12-20,84303800,53.8,"Apple"
2011-12-19,58882600,51.93,"Apple"
2011-12-16,105369600,51.77,"Apple"
2011-12-15,64050000,51.49,"Apple"
2011-12-14,101721900,51.66,"Apple"
2011-12-13,84732200,52.83,"Apple"
2011-12-12,75266800,53.24,"Apple"
2011-12-09,74248300,53.48,"Apple"
2011-12-08,94089100,53.08,"Apple"
2011-12-07,76186600,52.87,"Apple"
2011-12-06,70899500,53.12,"Apple"
2011-12-05,89302500,53.4,"Apple"
2011-12-02,94763900,52.95,"Apple"
2011-12-01,96795300,52.71,"Apple"
2011-11-30,101484600,51.93,"Apple"
2011-11-29,93963800,50.71,"Apple"
2011-11-28,86603300,51.1,"Apple"
2011-11-25,63690200,49.4,"Apple"
2011-11-23,107067800,49.86,"Apple"
2011-11-22,102255300,51.16,"Apple"
2011-11-21,111995100,50.14,"Apple"
2011-11-18,92984500,50.94,"Apple"
2011-11-17,119975100,51.28,"Apple"
2011-11-16,87302600,52.28,"Apple"
2011-11-15,107702700,52.83,"Apple"
2011-11-14,108226300,51.53,"Apple"
2011-11-11,163446500,52.26,"Apple"
2011-11-10,186188100,52.34,"Apple"
2011-11-09,139671000,53.71,"Apple"
2011-11-08,100110500,55.19,"Apple"
2011-11-07,67568900,54.31,"Apple"
2011-11-04,75557300,54.38,"Apple"
2011-11-03,110346600,54.76,"Apple"
2011-11-02,81837700,54,"Apple"
2011-11-01,132947500,53.87,"Apple"
2011-10-31,96375300,55,"Apple"
2011-10-28,80710700,55.02,"Apple"
2011-10-27,123666200,54.98,"Apple"
2011-10-26,114076200,54.43,"Apple"
2011-10-25,107606800,54.04,"Apple"
2011-10-24,125534500,55.13,"Apple"
2011-10-21,155311100,53.38,"Apple"
2011-10-20,137317600,53.71,"Apple"
2011-10-19,276014900,54.16,"Apple"
2011-10-18,220400600,57.37,"Apple"
2011-10-17,171511200,57.06,"Apple"
2011-10-14,143341800,57.34,"Apple"
2011-10-13,106546300,55.49,"Apple"
2011-10-12,155571500,54.65,"Apple"
2011-10-11,151421900,54.39,"Apple"
2011-10-10,110628700,52.83,"Apple"
2011-10-07,133864500,50.24,"Apple"
2011-10-06,203145600,51.27,"Apple"
2011-10-05,196617400,51.39,"Apple"
2011-10-04,308419300,50.61,"Apple"
2011-10-03,167274800,50.9,"Apple"
2011-09-30,136910200,51.81,"Apple"
2011-09-29,162771700,53.07,"Apple"
2011-09-28,107409400,53.94,"Apple"
2011-09-27,158124400,54.25,"Apple"
2011-09-26,203219100,54.78,"Apple"
2011-09-23,136569300,54.93,"Apple"
2011-09-22,242120200,54.6,"Apple"
2011-09-21,151494000,56,"Apple"
2011-09-20,193938500,56.18,"Apple"
2011-09-19,205965200,55.93,"Apple"
2011-09-16,174628300,54.42,"Apple"
2011-09-15,104454700,53.39,"Apple"
2011-09-14,133681100,52.89,"Apple"
2011-09-13,110140100,52.26,"Apple"
2011-09-12,116958100,51.62,"Apple"
2011-09-09,141203300,51.29,"Apple"
2011-09-08,104039600,52.19,"Apple"
2011-09-07,87644200,52.16,"Apple"
2011-09-06,127424500,51.6,"Apple"
2011-09-02,109734800,50.82,"Apple"
2011-09-01,85931300,51.77,"Apple"
2011-08-31,130646600,52.29,"Apple"
2011-08-30,104480600,52.99,"Apple"
2011-08-29,101317300,52.98,"Apple"
2011-08-26,160369300,52.12,"Apple"
2011-08-25,217836500,50.78,"Apple"
2011-08-24,156566900,51.11,"Apple"
2011-08-23,164208800,50.76,"Apple"
2011-08-22,133828800,48.43,"Apple"
2011-08-19,193972100,48.37,"Apple"
2011-08-18,212858800,49.73,"Apple"
2011-08-17,110515300,51.69,"Apple"
2011-08-16,124687500,51.7,"Apple"
2011-08-15,115136000,52.09,"Apple"
2011-08-12,132244000,51.22,"Apple"
2011-08-11,185492300,50.77,"Apple"
2011-08-10,219664200,49.41,"Apple"
2011-08-09,270645900,50.82,"Apple"
2014-10-13,37040400,43.65,"Microsoft"
2014-10-10,51878600,44.03,"Microsoft"
2014-10-09,34422800,45.85,"Microsoft"
2014-10-08,32996500,46.78,"Microsoft"
2014-10-07,25723700,45.53,"Microsoft"
2014-10-06,20535900,46.09,"Microsoft"
2014-10-03,32453200,46.09,"Microsoft"
2014-10-02,25119400,45.76,"Microsoft"
2014-10-01,38050500,45.9,"Microsoft"
2014-09-30,32997600,46.36,"Microsoft"
2014-09-29,26057800,46.44,"Microsoft"
2014-09-26,27051400,46.41,"Microsoft"
2014-09-25,33011200,46.04,"Microsoft"
2014-09-24,26534000,47.08,"Microsoft"
2014-09-23,33430300,46.56,"Microsoft"
2014-09-22,38655900,47.06,"Microsoft"
2014-09-19,202522400,47.52,"Microsoft"
2014-09-18,35533100,46.68,"Microsoft"
2014-09-17,38249200,46.52,"Microsoft"
2014-09-16,27865200,46.76,"Microsoft"
2014-09-15,37630700,46.24,"Microsoft"
2014-09-12,38244700,46.7,"Microsoft"
2014-09-11,29216400,47,"Microsoft"
2014-09-10,27302400,46.84,"Microsoft"
2014-09-09,40255500,46.76,"Microsoft"
2014-09-08,45719000,46.47,"Microsoft"
2014-09-05,36882700,45.91,"Microsoft"
2014-09-04,26475500,45.26,"Microsoft"
2014-09-03,33684500,44.96,"Microsoft"
2014-09-02,22956800,45.09,"Microsoft"
2014-08-29,21607600,45.43,"Microsoft"
2014-08-28,17657600,44.88,"Microsoft"
2014-08-27,20823000,44.87,"Microsoft"
2014-08-26,14873100,45.01,"Microsoft"
2014-08-25,16898100,45.17,"Microsoft"
2014-08-22,18294500,45.15,"Microsoft"
2014-08-21,22272000,45.22,"Microsoft"
2014-08-20,24750700,44.95,"Microsoft"
2014-08-19,28115600,45.33,"Microsoft"
2014-08-18,26891100,44.83,"Microsoft"
2014-08-15,41611300,44.51,"Microsoft"
2014-08-14,19313200,44,"Microsoft"
2014-08-13,22889500,43.81,"Microsoft"
2014-08-12,21431100,43.25,"Microsoft"
2014-08-11,20351600,42.93,"Microsoft"
2014-08-08,28942700,42.93,"Microsoft"
2014-08-07,30314900,42.96,"Microsoft"
2014-08-06,24634000,42.47,"Microsoft"
2014-08-05,26266400,42.81,"Microsoft"
2014-08-04,34277400,43.1,"Microsoft"
2014-08-01,31170300,42.59,"Microsoft"
2014-07-31,31537500,42.89,"Microsoft"
2014-07-30,31921400,43.31,"Microsoft"
2014-07-29,27763100,43.62,"Microsoft"
2014-07-28,29684200,43.7,"Microsoft"
2014-07-25,26737700,44.22,"Microsoft"
2014-07-24,30725300,44.12,"Microsoft"
2014-07-23,52362900,44.59,"Microsoft"
2014-07-22,43095800,44.55,"Microsoft"
2014-07-21,37604400,44.56,"Microsoft"
2014-07-18,43407500,44.41,"Microsoft"
2014-07-17,82180300,44.25,"Microsoft"
2014-07-16,63318000,43.81,"Microsoft"
2014-07-15,28748700,42.19,"Microsoft"
2014-07-14,21881100,41.88,"Microsoft"
2014-07-11,24083000,41.83,"Microsoft"
2014-07-10,21854700,41.43,"Microsoft"
2014-07-09,18445900,41.41,"Microsoft"
2014-07-08,31218200,41.52,"Microsoft"
2014-07-07,21952400,41.73,"Microsoft"
2014-07-03,15969300,41.54,"Microsoft"
2014-07-02,20208100,41.64,"Microsoft"
2014-07-01,26917000,41.61,"Microsoft"
2014-06-30,30805500,41.44,"Microsoft"
2014-06-27,74640000,41.99,"Microsoft"
2014-06-26,23604400,41.46,"Microsoft"
2014-06-25,20049100,41.77,"Microsoft"
2014-06-24,26509100,41.49,"Microsoft"
2014-06-23,18743900,41.73,"Microsoft"
2014-06-20,47764900,41.42,"Microsoft"
2014-06-19,19828200,41.25,"Microsoft"
2014-06-18,27097000,41.39,"Microsoft"
2014-06-17,22518600,41.42,"Microsoft"
2014-06-16,24205300,41.24,"Microsoft"
2014-06-13,26310000,40.97,"Microsoft"
2014-06-12,29818900,40.33,"Microsoft"
2014-06-11,18040000,40.61,"Microsoft"
2014-06-10,15117700,40.85,"Microsoft"
2014-06-09,15019200,41.01,"Microsoft"
2014-06-06,24060500,41.22,"Microsoft"
2014-06-05,31865200,40.95,"Microsoft"
2014-06-04,23209000,40.07,"Microsoft"
2014-06-03,18068900,40.04,"Microsoft"
2014-06-02,18504300,40.54,"Microsoft"
2014-05-30,34567600,40.69,"Microsoft"
2014-05-29,19888200,40.09,"Microsoft"
2014-05-28,25711500,39.76,"Microsoft"
2014-05-27,26160600,39.94,"Microsoft"
2014-05-23,18020000,39.87,"Microsoft"
2014-05-22,20201800,39.85,"Microsoft"
2014-05-21,22398700,40.1,"Microsoft"
2014-05-20,21320900,39.43,"Microsoft"
2014-05-19,24537400,39.5,"Microsoft"
2014-05-16,29867100,39.58,"Microsoft"
2014-05-15,37793200,39.35,"Microsoft"
2014-05-14,18818700,39.99,"Microsoft"
2014-05-13,27004800,40.17,"Microsoft"
2014-05-12,22782600,39.44,"Microsoft"
2014-05-09,29647600,39.02,"Microsoft"
2014-05-08,32120400,39.12,"Microsoft"
2014-05-07,41744500,38.9,"Microsoft"
2014-05-06,27112400,38.55,"Microsoft"
2014-05-05,22460900,38.91,"Microsoft"
2014-05-02,43416600,39.17,"Microsoft"
2014-05-01,28787400,39.47,"Microsoft"
2014-04-30,35458700,39.87,"Microsoft"
2014-04-29,29636200,39.98,"Microsoft"
2014-04-28,50610200,40.33,"Microsoft"
2014-04-25,56876800,39.38,"Microsoft"
2014-04-24,42381600,39.34,"Microsoft"
2014-04-23,24602800,39.17,"Microsoft"
2014-04-22,27056700,39.46,"Microsoft"
2014-04-21,22221200,39.41,"Microsoft"
2014-04-17,36689400,39.48,"Microsoft"
2014-04-16,30615800,39.87,"Microsoft"
2014-04-15,33968700,39.23,"Microsoft"
2014-04-14,32006600,38.66,"Microsoft"
2014-04-11,34330200,38.69,"Microsoft"
2014-04-10,45960800,38.84,"Microsoft"
2014-04-09,27398700,39.94,"Microsoft"
2014-04-08,35918600,39.3,"Microsoft"
2014-04-07,37559600,39.28,"Microsoft"
2014-04-04,51409600,39.34,"Microsoft"
2014-04-03,30139600,40.47,"Microsoft"
2014-04-02,28666700,40.81,"Microsoft"
2014-04-01,32605000,40.87,"Microsoft"
2014-03-31,46886300,40.45,"Microsoft"
2014-03-28,43472700,39.77,"Microsoft"
2014-03-27,35369200,38.84,"Microsoft"
2014-03-26,41977500,39.27,"Microsoft"
2014-03-25,43193100,39.81,"Microsoft"
2014-03-24,46098400,39.97,"Microsoft"
2014-03-21,80721800,39.63,"Microsoft"
2014-03-20,59269800,39.8,"Microsoft"
2014-03-19,35597200,38.75,"Microsoft"
2014-03-18,64063900,39.03,"Microsoft"
2014-03-17,20479600,37.55,"Microsoft"
2014-03-14,27195600,37.2,"Microsoft"
2014-03-13,32169700,37.39,"Microsoft"
2014-03-12,30494100,37.77,"Microsoft"
2014-03-11,25216400,37.52,"Microsoft"
2014-03-10,19006600,37.32,"Microsoft"
2014-03-07,26591600,37.4,"Microsoft"
2014-03-06,23582200,37.65,"Microsoft"
2014-03-05,20520100,37.61,"Microsoft"
2014-03-04,26802400,37.9,"Microsoft"
2014-03-03,29717500,37.28,"Microsoft"
2014-02-28,41215000,37.81,"Microsoft"
2014-02-27,33903400,37.36,"Microsoft"
2014-02-26,41041800,36.98,"Microsoft"
2014-02-25,30736500,37.05,"Microsoft"
2014-02-24,32085100,37.19,"Microsoft"
2014-02-21,38021300,37.48,"Microsoft"
2014-02-20,27526100,37.25,"Microsoft"
2014-02-19,29750400,37.02,"Microsoft"
2014-02-18,32834000,36.93,"Microsoft"
2014-02-14,31407500,36.85,"Microsoft"
2014-02-13,37635500,36.84,"Microsoft"
2014-02-12,27051800,36.7,"Microsoft"
2014-02-11,32141400,36.41,"Microsoft"
2014-02-10,26767000,36.05,"Microsoft"
2014-02-07,33260500,35.81,"Microsoft"
2014-02-06,35351800,35.44,"Microsoft"
2014-02-05,55814400,35.09,"Microsoft"
2014-02-04,54697900,35.6,"Microsoft"
2014-02-03,64063100,35.73,"Microsoft"
2014-01-31,93162300,37.06,"Microsoft"
2014-01-30,35036300,36.1,"Microsoft"
2014-01-29,52745900,35.91,"Microsoft"
2014-01-28,36205500,35.53,"Microsoft"
2014-01-27,44420800,35.29,"Microsoft"
2014-01-24,76395500,36.05,"Microsoft"
2014-01-23,43954000,35.32,"Microsoft"
2014-01-22,21904300,35.19,"Microsoft"
2014-01-21,31567300,35.43,"Microsoft"
2014-01-17,46267500,35.63,"Microsoft"
2014-01-16,38018700,36.13,"Microsoft"
2014-01-15,44812600,36.01,"Microsoft"
2014-01-14,41623300,35.05,"Microsoft"
2014-01-13,45901900,34.26,"Microsoft"
2014-01-10,40548800,35.3,"Microsoft"
2014-01-09,36516300,34.8,"Microsoft"
2014-01-08,59971700,35.03,"Microsoft"
2014-01-07,35802800,35.66,"Microsoft"
2014-01-06,43603700,35.39,"Microsoft"
2014-01-03,31134800,36.15,"Microsoft"
2014-01-02,30632200,36.4,"Microsoft"
2013-12-31,17503500,36.64,"Microsoft"
2013-12-30,16290500,36.53,"Microsoft"
2013-12-27,14563000,36.53,"Microsoft"
2013-12-26,17612800,36.67,"Microsoft"
2013-12-24,14243000,36.32,"Microsoft"
2013-12-23,25128700,35.87,"Microsoft"
2013-12-20,62649100,36.05,"Microsoft"
2013-12-19,34160100,35.51,"Microsoft"
2013-12-18,63192100,35.83,"Microsoft"
2013-12-17,45687700,35.77,"Microsoft"
2013-12-16,31734200,36.13,"Microsoft"
2013-12-13,40066100,35.94,"Microsoft"
2013-12-12,36012800,36.46,"Microsoft"
2013-12-11,39853400,36.84,"Microsoft"
2013-12-10,37828600,37.33,"Microsoft"
2013-12-09,30286000,37.92,"Microsoft"
2013-12-06,36457300,37.57,"Microsoft"
2013-12-05,116305000,37.22,"Microsoft"
2013-12-04,51983600,38.14,"Microsoft"
2013-12-03,52109800,37.52,"Microsoft"
2013-12-02,42950400,37.66,"Microsoft"
2013-11-29,22090400,37.35,"Microsoft"
2013-11-27,26002100,36.83,"Microsoft"
2013-11-26,34465300,36.58,"Microsoft"
2013-11-25,30646800,36.87,"Microsoft"
2013-11-22,27982000,36.8,"Microsoft"
2013-11-21,23064700,36.63,"Microsoft"
2013-11-20,32229900,36.32,"Microsoft"
2013-11-19,44275000,35.99,"Microsoft"
2013-11-18,53277500,36.16,"Microsoft"
2013-11-15,50601300,36.78,"Microsoft"
2013-11-14,46183700,36.96,"Microsoft"
2013-11-13,44957600,37.1,"Microsoft"
2013-11-12,31651600,36.32,"Microsoft"
2013-11-11,26872500,36.54,"Microsoft"
2013-11-08,36737800,36.73,"Microsoft"
2013-11-07,60437400,36.45,"Microsoft"
2013-11-06,88948800,37.12,"Microsoft"
2013-11-05,51681900,35.62,"Microsoft"
2013-11-04,28060700,34.94,"Microsoft"
2013-11-01,40264600,34.54,"Microsoft"
2013-10-31,41682300,34.42,"Microsoft"
2013-10-30,36997700,34.55,"Microsoft"
2013-10-29,31702200,34.53,"Microsoft"
2013-10-28,38383600,34.58,"Microsoft"
2013-10-25,113494000,34.73,"Microsoft"
2013-10-24,53209700,32.78,"Microsoft"
2013-10-23,58600500,32.82,"Microsoft"
2013-10-22,40438500,33.62,"Microsoft"
2013-10-21,27433500,34.01,"Microsoft"
2013-10-18,41811700,33.99,"Microsoft"
2013-10-17,31359200,33.95,"Microsoft"
2013-10-16,35111600,33.67,"Microsoft"
2013-10-15,47097800,33.53,"Microsoft"
2013-10-14,27757900,33.49,"Microsoft"
2013-10-11,30033300,33.18,"Microsoft"
2013-10-10,42875100,32.82,"Microsoft"
2013-10-09,35878600,32.15,"Microsoft"
2013-10-08,41017600,32.09,"Microsoft"
2013-10-07,35069300,32.37,"Microsoft"
2013-10-04,33008100,32.94,"Microsoft"
2013-10-03,38703800,32.92,"Microsoft"
2013-10-02,46946800,32.97,"Microsoft"
2013-10-01,36718700,32.64,"Microsoft"
2013-09-30,39839500,32.35,"Microsoft"
2013-09-27,55348000,32.34,"Microsoft"
2013-09-26,28504000,31.86,"Microsoft"
2013-09-25,28907500,31.6,"Microsoft"
2013-09-24,40685000,31.55,"Microsoft"
2013-09-23,39826100,31.83,"Microsoft"
2013-09-20,102904900,31.88,"Microsoft"
2013-09-19,42026600,32.7,"Microsoft"
2013-09-18,64099900,32.39,"Microsoft"
2013-09-17,84716500,32.01,"Microsoft"
2013-09-16,52839700,31.89,"Microsoft"
2013-09-13,40899000,32.11,"Microsoft"
2013-09-12,32860200,31.78,"Microsoft"
2013-09-11,39087500,31.83,"Microsoft"
2013-09-10,56881200,31.49,"Microsoft"
2013-09-09,49628500,30.78,"Microsoft"
2013-09-06,75434900,30.28,"Microsoft"
2013-09-05,71644900,30.36,"Microsoft"
2013-09-04,142320600,30.33,"Microsoft"
2013-09-03,154507000,30.99,"Microsoft"
2013-08-30,42790200,32.47,"Microsoft"
2013-08-29,45284700,32.61,"Microsoft"
2013-08-28,44257400,32.1,"Microsoft"
2013-08-27,58522300,32.33,"Microsoft"
2013-08-26,72786800,33.2,"Microsoft"
2013-08-23,225493800,33.78,"Microsoft"
2013-08-22,31169900,31.49,"Microsoft"
2013-08-21,37409100,30.73,"Microsoft"
2013-08-20,22979600,30.74,"Microsoft"
2013-08-19,27902500,30.51,"Microsoft"
2013-08-16,32866300,30.91,"Microsoft"
2013-08-15,33338000,30.9,"Microsoft"
2013-08-14,48519600,31.45,"Microsoft"
2013-08-13,39464100,31.33,"Microsoft"
2013-08-12,25493700,31.73,"Microsoft"
2013-08-09,26800700,31.57,"Microsoft"
2013-08-08,59034400,31.75,"Microsoft"
2013-08-07,38078600,30.95,"Microsoft"
2013-08-06,36331500,30.48,"Microsoft"
2013-08-05,30984000,30.6,"Microsoft"
2013-08-02,29199900,30.78,"Microsoft"
2013-08-01,42557900,30.57,"Microsoft"
2013-07-31,43898400,30.74,"Microsoft"
2013-07-30,45799500,30.75,"Microsoft"
2013-07-29,28870700,30.45,"Microsoft"
2013-07-26,38633600,30.52,"Microsoft"
2013-07-25,63213000,30.3,"Microsoft"
2013-07-24,52803100,30.85,"Microsoft"
2013-07-23,65810400,30.72,"Microsoft"
2013-07-22,79040700,30.9,"Microsoft"
2013-07-19,248428500,30.31,"Microsoft"
2013-07-18,49547100,34.21,"Microsoft"
2013-07-17,37285100,34.5,"Microsoft"
2013-07-16,36378500,35.01,"Microsoft"
2013-07-15,34142600,34.92,"Microsoft"
2013-07-12,35501200,34.43,"Microsoft"
2013-07-11,53638300,34.45,"Microsoft"
2013-07-10,29658800,33.5,"Microsoft"
2013-07-09,25318500,33.16,"Microsoft"
2013-07-08,32396900,33.14,"Microsoft"
2013-07-05,26085900,33.02,"Microsoft"
2013-07-03,15994400,32.83,"Microsoft"
2013-07-02,37630000,32.76,"Microsoft"
2013-07-01,31055400,33.17,"Microsoft"
2013-06-28,65545500,33.34,"Microsoft"
2013-06-27,28993100,33.42,"Microsoft"
2013-06-26,48665900,33.16,"Microsoft"
2013-06-25,44073400,32.5,"Microsoft"
2013-06-24,56109000,32.55,"Microsoft"
2013-06-21,85338500,32.12,"Microsoft"
2013-06-20,54493700,32.33,"Microsoft"
2013-06-19,30816200,33.39,"Microsoft"
2013-06-18,28616500,33.77,"Microsoft"
2013-06-17,49670100,33.79,"Microsoft"
2013-06-14,53192600,33.21,"Microsoft"
2013-06-13,45654900,33.52,"Microsoft"
2013-06-12,37372700,33.79,"Microsoft"
2013-06-11,39435900,33.63,"Microsoft"
2013-06-10,35994500,34.24,"Microsoft"
2013-06-07,40757300,34.43,"Microsoft"
2013-06-06,37618500,33.75,"Microsoft"
2013-06-05,46025100,33.57,"Microsoft"
2013-06-04,65529500,33.78,"Microsoft"
2013-06-03,51252600,34.36,"Microsoft"
2013-05-31,56165700,33.69,"Microsoft"
2013-05-30,51131000,33.81,"Microsoft"
2013-05-29,38412200,33.67,"Microsoft"
2013-05-28,48212100,33.81,"Microsoft"
2013-05-24,33174400,33.08,"Microsoft"
2013-05-23,51102700,32.97,"Microsoft"
2013-05-22,66047500,33.41,"Microsoft"
2013-05-21,48702400,33.64,"Microsoft"
2013-05-20,54020800,33.86,"Microsoft"
2013-05-17,60666700,33.66,"Microsoft"
2013-05-16,59382900,32.9,"Microsoft"
2013-05-15,46303900,32.68,"Microsoft"
2013-05-14,56870100,32.37,"Microsoft"
2013-05-13,36027600,31.66,"Microsoft"
2013-05-10,36394900,31.34,"Microsoft"
2013-05-09,46417800,31.31,"Microsoft"
2013-05-08,51595700,31.62,"Microsoft"
2013-05-07,43078300,31.93,"Microsoft"
2013-05-06,40978300,32.35,"Microsoft"
2013-05-03,46784600,32.1,"Microsoft"
2013-05-02,46059500,31.79,"Microsoft"
2013-05-01,54330900,31.37,"Microsoft"
2013-04-30,75165200,31.73,"Microsoft"
2013-04-29,59116400,31.26,"Microsoft"
2013-04-26,47799300,30.47,"Microsoft"
2013-04-25,110700200,30.62,"Microsoft"
2013-04-24,90946600,30.44,"Microsoft"
2013-04-23,59126900,29.33,"Microsoft"
2013-04-22,137904000,29.55,"Microsoft"
2013-04-19,99790700,28.54,"Microsoft"
2013-04-18,56906600,27.6,"Microsoft"
2013-04-17,52840700,27.64,"Microsoft"
2013-04-16,52797300,27.77,"Microsoft"
2013-04-15,56332900,27.5,"Microsoft"
2013-04-12,62886300,27.6,"Microsoft"
2013-04-11,130923200,27.74,"Microsoft"
2013-04-10,71116700,29.03,"Microsoft"
2013-04-09,77733800,28.38,"Microsoft"
2013-04-08,34759500,27.41,"Microsoft"
2013-04-05,50927300,27.51,"Microsoft"
2013-04-04,45263200,27.42,"Microsoft"
2013-04-03,35062800,27.38,"Microsoft"
2013-04-02,28456500,27.61,"Microsoft"
2013-04-01,29201100,27.43,"Microsoft"
2013-03-28,55453800,27.43,"Microsoft"
2013-03-27,36047400,27.2,"Microsoft"
2013-03-26,27824300,26.99,"Microsoft"
2013-03-25,44154000,26.99,"Microsoft"
2013-03-22,28720900,27.08,"Microsoft"
2013-03-21,34233200,26.95,"Microsoft"
2013-03-20,35447800,27.15,"Microsoft"
2013-03-19,51901600,27.01,"Microsoft"
2013-03-18,44809400,26.94,"Microsoft"
2013-03-15,92710300,26.88,"Microsoft"
2013-03-14,55914800,26.97,"Microsoft"
2013-03-13,29093400,26.76,"Microsoft"
2013-03-12,39255200,26.75,"Microsoft"
2013-03-11,36627500,26.72,"Microsoft"
2013-03-08,37667800,26.84,"Microsoft"
2013-03-07,29196700,26.97,"Microsoft"
2013-03-06,51448500,26.93,"Microsoft"
2013-03-05,41432200,27.18,"Microsoft"
2013-03-04,38157500,26.98,"Microsoft"
2013-03-01,34849700,26.79,"Microsoft"
2013-02-28,35840200,26.65,"Microsoft"
2013-02-27,36394700,26.66,"Microsoft"
2013-02-26,49923300,26.24,"Microsoft"
2013-02-25,48011800,26.24,"Microsoft"
2013-02-22,31425900,26.61,"Microsoft"
2013-02-21,49078500,26.35,"Microsoft"
2013-02-20,44110200,26.72,"Microsoft"
2013-02-19,38781400,26.89,"Microsoft"
2013-02-15,49650900,26.63,"Microsoft"
2013-02-14,32663200,26.66,"Microsoft"
2013-02-13,41715600,26.65,"Microsoft"
2013-02-12,35990900,26.51,"Microsoft"
2013-02-11,32247700,26.49,"Microsoft"
2013-02-08,33318500,26.19,"Microsoft"
2013-02-07,38028300,25.94,"Microsoft"
2013-02-06,41889600,25.99,"Microsoft"
2013-02-05,35410400,26.14,"Microsoft"
2013-02-04,50540000,26.09,"Microsoft"
2013-02-01,55565900,26.55,"Microsoft"
2013-01-31,50530000,26.1,"Microsoft"
2013-01-30,43580500,26.48,"Microsoft"
2013-01-29,49242600,26.63,"Microsoft"
2013-01-28,56056500,26.53,"Microsoft"
2013-01-25,81847700,26.51,"Microsoft"
2013-01-24,101739300,26.27,"Microsoft"
2013-01-23,50387700,26.25,"Microsoft"
2013-01-22,58650600,25.81,"Microsoft"
2013-01-18,52167700,25.91,"Microsoft"
2013-01-17,51685900,25.91,"Microsoft"
2013-01-16,41077400,25.71,"Microsoft"
2013-01-15,48244500,25.87,"Microsoft"
2013-01-14,48324400,25.56,"Microsoft"
2013-01-11,55512100,25.51,"Microsoft"
2013-01-10,71431300,25.16,"Microsoft"
2013-01-09,49047900,25.38,"Microsoft"
2013-01-08,44703100,25.24,"Microsoft"
2013-01-07,37110400,25.37,"Microsoft"
2013-01-04,52521100,25.42,"Microsoft"
2013-01-03,48294400,25.91,"Microsoft"
2013-01-02,52899300,26.26,"Microsoft"
2012-12-31,42749500,25.39,"Microsoft"
2012-12-28,28239900,25.24,"Microsoft"
2012-12-27,39394000,25.63,"Microsoft"
2012-12-26,31631100,25.54,"Microsoft"
2012-12-24,20842400,25.73,"Microsoft"
2012-12-21,98776500,26.1,"Microsoft"
2012-12-20,52607300,26.32,"Microsoft"
2012-12-19,53519900,25.96,"Microsoft"
2012-12-18,50486900,26.2,"Microsoft"
2012-12-17,42046100,25.76,"Microsoft"
2012-12-14,42077500,25.49,"Microsoft"
2012-12-13,45080100,25.77,"Microsoft"
2012-12-12,43966300,25.9,"Microsoft"
2012-12-11,52282800,25.97,"Microsoft"
2012-12-10,47031100,25.61,"Microsoft"
2012-12-07,46162100,25.16,"Microsoft"
2012-12-06,39182300,25.41,"Microsoft"
2012-12-05,68283800,25.36,"Microsoft"
2012-12-04,49777500,25.07,"Microsoft"
2012-12-03,53173800,25.13,"Microsoft"
2012-11-30,83690200,25.31,"Microsoft"
2012-11-29,69551400,25.62,"Microsoft"
2012-11-28,53018400,26.01,"Microsoft"
2012-11-27,45018600,25.75,"Microsoft"
2012-11-26,85198700,26.04,"Microsoft"
2012-11-23,57845700,26.33,"Microsoft"
2012-11-21,66360300,25.62,"Microsoft"
2012-11-20,47070400,25.39,"Microsoft"
2012-11-19,57179300,25.41,"Microsoft"
2012-11-16,64083300,25.21,"Microsoft"
2012-11-15,50955600,25.35,"Microsoft"
2012-11-14,76086100,25.52,"Microsoft"
2012-11-13,131689200,25.75,"Microsoft"
2012-11-12,61112300,26.61,"Microsoft"
2012-11-09,43291200,27.19,"Microsoft"
2012-11-08,49841800,27.17,"Microsoft"
2012-11-07,57871800,27.42,"Microsoft"
2012-11-06,43401500,28.16,"Microsoft"
2012-11-05,38070800,27.94,"Microsoft"
2012-11-02,57131600,27.82,"Microsoft"
2012-11-01,72047900,27.84,"Microsoft"
2012-10-31,69464100,26.91,"Microsoft"
2012-10-26,57790000,26.6,"Microsoft"
2012-10-25,54084300,26.29,"Microsoft"
2012-10-24,53320400,26.31,"Microsoft"
2012-10-23,64414800,26.45,"Microsoft"
2012-10-22,83374000,26.4,"Microsoft"
2012-10-19,90470800,27.01,"Microsoft"
2012-10-18,59238500,27.82,"Microsoft"
2012-10-17,44206100,27.9,"Microsoft"
2012-10-16,47739400,27.81,"Microsoft"
2012-10-15,42440200,27.83,"Microsoft"
2012-10-12,46464700,27.53,"Microsoft"
2012-10-11,41488500,27.3,"Microsoft"
2012-10-10,47227100,27.33,"Microsoft"
2012-10-09,45121100,27.61,"Microsoft"
2012-10-08,29752000,28.08,"Microsoft"
2012-10-05,41133900,28.15,"Microsoft"
2012-10-04,43634900,28.32,"Microsoft"
2012-10-03,46655900,28.16,"Microsoft"
2012-10-02,43338900,27.97,"Microsoft"
2012-10-01,54042700,27.81,"Microsoft"
2012-09-28,54229300,28.06,"Microsoft"
2012-09-27,47129900,28.44,"Microsoft"
2012-09-26,54672000,28.45,"Microsoft"
2012-09-25,54266400,28.66,"Microsoft"
2012-09-24,46825900,29.02,"Microsoft"
2012-09-21,102348900,29.41,"Microsoft"
2012-09-20,45543000,29.66,"Microsoft"
2012-09-19,48871900,29.28,"Microsoft"
2012-09-18,34542700,29.4,"Microsoft"
2012-09-17,36488500,29.43,"Microsoft"
2012-09-14,51422800,29.43,"Microsoft"
2012-09-13,45047300,29.18,"Microsoft"
2012-09-12,32775800,29.02,"Microsoft"
2012-09-11,25191800,29.03,"Microsoft"
2012-09-10,40524000,28.97,"Microsoft"
2012-09-07,42649100,29.18,"Microsoft"
2012-09-06,48371700,29.56,"Microsoft"
2012-09-05,33650000,28.66,"Microsoft"
2012-09-04,48556700,28.66,"Microsoft"
2012-08-31,36590100,29.06,"Microsoft"
2012-08-30,23982100,28.59,"Microsoft"
2012-08-29,23346800,28.9,"Microsoft"
2012-08-28,23947900,28.88,"Microsoft"
2012-08-27,34691100,28.94,"Microsoft"
2012-08-24,22943300,28.82,"Microsoft"
2012-08-23,28355600,28.53,"Microsoft"
2012-08-22,33437400,28.8,"Microsoft"
2012-08-21,28822700,29.04,"Microsoft"
2012-08-20,23737700,28.99,"Microsoft"
2012-08-17,32589900,29.14,"Microsoft"
2012-08-16,35787200,29.02,"Microsoft"
2012-08-15,24351000,28.48,"Microsoft"
2012-08-14,34551400,28.41,"Microsoft"
2012-08-13,23049100,28.47,"Microsoft"
2012-08-10,27810300,28.5,"Microsoft"
2012-08-09,24920800,28.57,"Microsoft"
2012-08-08,26257600,28.41,"Microsoft"
2012-08-07,28002900,28.35,"Microsoft"
2012-08-06,27471800,28.06,"Microsoft"
2012-08-03,35859400,27.87,"Microsoft"
2012-08-02,39520500,27.34,"Microsoft"
2012-08-01,31721800,27.55,"Microsoft"
2012-07-31,37620900,27.61,"Microsoft"
2012-07-30,28905000,27.77,"Microsoft"
2012-07-27,44242600,27.88,"Microsoft"
2012-07-26,45301400,27.32,"Microsoft"
2012-07-25,45579500,27.01,"Microsoft"
2012-07-24,47723300,27.31,"Microsoft"
2012-07-23,55151900,27.43,"Microsoft"
2012-07-20,64021700,28.22,"Microsoft"
2012-07-19,46663200,28.73,"Microsoft"
2012-07-18,41090400,28.52,"Microsoft"
2012-07-17,33771300,27.78,"Microsoft"
2012-07-16,27900600,27.58,"Microsoft"
2012-07-13,39085000,27.53,"Microsoft"
2012-07-12,63523600,26.82,"Microsoft"
2012-07-11,39184900,27.45,"Microsoft"
2012-07-10,37534100,27.86,"Microsoft"
2012-07-09,30680800,28.1,"Microsoft"
2012-07-06,38294800,28.28,"Microsoft"
2012-07-05,28801900,28.76,"Microsoft"
2012-07-03,20938100,28.81,"Microsoft"
2012-07-02,30589100,28.63,"Microsoft"
2012-06-29,55227200,28.66,"Microsoft"
2012-06-28,45328400,28.02,"Microsoft"
2012-06-27,33781700,28.26,"Microsoft"
2012-06-26,38421300,28.12,"Microsoft"
2012-06-25,42217200,27.98,"Microsoft"
2012-06-22,45098100,28.76,"Microsoft"
2012-06-21,48456600,28.23,"Microsoft"
2012-06-20,36257100,28.97,"Microsoft"
2012-06-19,75725800,28.76,"Microsoft"
2012-06-18,58679900,27.95,"Microsoft"
2012-06-15,62314400,28.12,"Microsoft"
2012-06-14,39458900,27.48,"Microsoft"
2012-06-13,32984600,27.29,"Microsoft"
2012-06-12,35337900,27.44,"Microsoft"
2012-06-11,46361900,27.07,"Microsoft"
2012-06-08,42551100,27.78,"Microsoft"
2012-06-07,37792800,27.38,"Microsoft"
2012-06-06,46860500,27.49,"Microsoft"
2012-06-05,45715400,26.71,"Microsoft"
2012-06-04,47926300,26.74,"Microsoft"
2012-06-01,56634300,26.65,"Microsoft"
2012-05-31,39134000,27.34,"Microsoft"
2012-05-30,41585500,27.48,"Microsoft"
2012-05-29,37758800,27.69,"Microsoft"
2012-05-25,29507200,27.22,"Microsoft"
2012-05-24,52575000,27.23,"Microsoft"
2012-05-23,65171000,27.27,"Microsoft"
2012-05-22,39504900,27.88,"Microsoft"
2012-05-21,38787900,27.87,"Microsoft"
2012-05-18,56205300,27.42,"Microsoft"
2012-05-17,48484000,27.84,"Microsoft"
2012-05-16,60083700,28.01,"Microsoft"
2012-05-15,61822800,28.3,"Microsoft"
2012-05-14,40528900,28.55,"Microsoft"
2012-05-11,43459300,29,"Microsoft"
2012-05-10,43839200,28.61,"Microsoft"
2012-05-09,50309300,28.63,"Microsoft"
2012-05-08,46328300,28.39,"Microsoft"
2012-05-07,48641400,28.52,"Microsoft"
2012-05-04,57927200,28.83,"Microsoft"
2012-05-03,31501300,29.56,"Microsoft"
2012-05-02,37385300,29.59,"Microsoft"
2012-05-01,43832300,29.79,"Microsoft"
2012-04-30,35697200,29.8,"Microsoft"
2012-04-27,41419100,29.76,"Microsoft"
2012-04-26,40308100,29.88,"Microsoft"
2012-04-25,62495500,29.97,"Microsoft"
2012-04-24,40871100,29.71,"Microsoft"
2012-04-23,61398200,29.89,"Microsoft"
2012-04-20,106045000,30.17,"Microsoft"
2012-04-19,54781200,28.86,"Microsoft"
2012-04-18,40552900,28.98,"Microsoft"
2012-04-17,34361500,29.26,"Microsoft"
2012-04-16,38124800,28.92,"Microsoft"
2012-04-13,39749200,28.67,"Microsoft"
2012-04-12,38304000,28.83,"Microsoft"
2012-04-11,43014000,28.25,"Microsoft"
2012-04-10,54131300,28.36,"Microsoft"
2012-04-09,31056400,28.94,"Microsoft"
2012-04-05,50368600,29.33,"Microsoft"
2012-04-04,49455900,29.05,"Microsoft"
2012-04-03,42752100,29.73,"Microsoft"
2012-04-02,35853600,30.05,"Microsoft"
2012-03-30,31749400,30.02,"Microsoft"
2012-03-29,37038500,29.89,"Microsoft"
2012-03-28,41344800,29.96,"Microsoft"
2012-03-27,36274900,30.26,"Microsoft"
2012-03-26,36758300,30.33,"Microsoft"
2012-03-23,35912200,29.79,"Microsoft"
2012-03-22,31749500,29.78,"Microsoft"
2012-03-21,37928600,29.7,"Microsoft"
2012-03-20,41566800,29.77,"Microsoft"
2012-03-19,44789200,29.97,"Microsoft"
2012-03-16,65626400,30.34,"Microsoft"
2012-03-15,49068300,30.57,"Microsoft"
2012-03-14,41986900,30.5,"Microsoft"
2012-03-13,48951700,30.4,"Microsoft"
2012-03-12,34073600,29.82,"Microsoft"
2012-03-09,34628400,29.77,"Microsoft"
2012-03-08,36747400,29.79,"Microsoft"
2012-03-07,34340400,29.63,"Microsoft"
2012-03-06,51932900,29.37,"Microsoft"
2012-03-05,45240000,29.59,"Microsoft"
2012-03-02,47314200,29.86,"Microsoft"
2012-03-01,77344100,30.05,"Microsoft"
2012-02-29,59323600,29.54,"Microsoft"
2012-02-28,45230600,29.66,"Microsoft"
2012-02-27,34568400,29.18,"Microsoft"
2012-02-24,35575400,29.3,"Microsoft"
2012-02-23,35034700,29.19,"Microsoft"
2012-02-22,49253200,29.1,"Microsoft"
2012-02-21,50829900,29.26,"Microsoft"
2012-02-17,70036500,29.08,"Microsoft"
2012-02-16,94705100,29.12,"Microsoft"
2012-02-15,43311300,27.97,"Microsoft"
2012-02-14,59644000,28.15,"Microsoft"
2012-02-13,33319800,28.27,"Microsoft"
2012-02-10,44605300,28.2,"Microsoft"
2012-02-09,50481600,28.45,"Microsoft"
2012-02-08,49659100,28.35,"Microsoft"
2012-02-07,39242400,28.06,"Microsoft"
2012-02-06,28039700,27.92,"Microsoft"
2012-02-03,41838500,27.96,"Microsoft"
2012-02-02,52223300,27.69,"Microsoft"
2012-02-01,67409900,27.64,"Microsoft"
2012-01-31,50572400,27.3,"Microsoft"
2012-01-30,51114800,27.38,"Microsoft"
2012-01-27,44187700,27.03,"Microsoft"
2012-01-26,49102800,27.27,"Microsoft"
2012-01-25,59231700,27.33,"Microsoft"
2012-01-24,51703300,27.13,"Microsoft"
2012-01-23,76078100,27.49,"Microsoft"
2012-01-20,165902900,27.47,"Microsoft"
2012-01-19,74053500,26,"Microsoft"
2012-01-18,64860600,26.1,"Microsoft"
2012-01-17,72395300,26.13,"Microsoft"
2012-01-13,60196100,26.12,"Microsoft"
2012-01-12,49370800,25.89,"Microsoft"
2012-01-11,65582400,25.63,"Microsoft"
2012-01-10,60014400,25.74,"Microsoft"
2012-01-09,59706800,25.65,"Microsoft"
2012-01-06,99455500,25.99,"Microsoft"
2012-01-05,56081400,25.59,"Microsoft"
2012-01-04,80516100,25.33,"Microsoft"
2012-01-03,64731500,24.75,"Microsoft"
2011-12-30,27395700,24,"Microsoft"
2011-12-29,22616900,24.06,"Microsoft"
2011-12-28,29822500,23.87,"Microsoft"
2011-12-27,21287200,24.08,"Microsoft"
2011-12-23,23205800,24.07,"Microsoft"
2011-12-22,35794100,23.86,"Microsoft"
2011-12-21,64132500,23.82,"Microsoft"
2011-12-20,60767600,24.07,"Microsoft"
2011-12-19,52258300,23.6,"Microsoft"
2011-12-16,101408100,24.04,"Microsoft"
2011-12-15,46213900,23.63,"Microsoft"
2011-12-14,47926400,23.66,"Microsoft"
2011-12-13,54581100,23.82,"Microsoft"
2011-12-12,38945900,23.59,"Microsoft"
2011-12-09,53788500,23.76,"Microsoft"
2011-12-08,60522200,23.48,"Microsoft"
2011-12-07,62667000,23.67,"Microsoft"
2011-12-06,46175300,23.72,"Microsoft"
2011-12-05,56818400,23.76,"Microsoft"
2011-12-02,52293800,23.32,"Microsoft"
2011-12-01,48545400,23.37,"Microsoft"
2011-11-30,81350900,23.65,"Microsoft"
2011-11-29,40917100,22.97,"Microsoft"
2011-11-28,46766700,22.99,"Microsoft"
2011-11-25,26164600,22.47,"Microsoft"
2011-11-23,49099700,22.62,"Microsoft"
2011-11-22,49204500,22.92,"Microsoft"
2011-11-21,61882500,23.11,"Microsoft"
2011-11-18,47626200,23.39,"Microsoft"
2011-11-17,70977500,23.61,"Microsoft"
2011-11-16,53262800,24.1,"Microsoft"
2011-11-15,43874200,24.72,"Microsoft"
2011-11-14,34199200,24.56,"Microsoft"
2011-11-11,37903000,24.69,"Microsoft"
2011-11-10,32514400,24.12,"Microsoft"
2011-11-09,62950900,24.04,"Microsoft"
2011-11-08,47822500,24.92,"Microsoft"
2011-11-07,42589700,24.59,"Microsoft"
2011-11-04,36549200,24.09,"Microsoft"
2011-11-03,65836100,24.35,"Microsoft"
2011-11-02,53533100,23.87,"Microsoft"
2011-11-01,61182600,23.85,"Microsoft"
2011-10-31,46799000,24.44,"Microsoft"
2011-10-28,57712100,24.76,"Microsoft"
2011-10-27,74512400,25.01,"Microsoft"
2011-10-26,63029900,24.4,"Microsoft"
2011-10-25,53554600,24.6,"Microsoft"
2011-10-24,56897800,24.95,"Microsoft"
2011-10-21,76620600,24.92,"Microsoft"
2011-10-20,76300200,24.81,"Microsoft"
2011-10-19,42880000,24.9,"Microsoft"
2011-10-18,52487900,25.06,"Microsoft"
2011-10-17,39453300,24.76,"Microsoft"
2011-10-14,50947700,25.02,"Microsoft"
2011-10-13,43823500,24.94,"Microsoft"
2011-10-12,52489800,24.74,"Microsoft"
2011-10-11,38826200,24.78,"Microsoft"
2011-10-10,41815300,24.72,"Microsoft"
2011-10-07,52741600,24.09,"Microsoft"
2011-10-06,55111400,24.17,"Microsoft"
2011-10-05,94061300,23.76,"Microsoft"
2011-10-04,83485400,23.25,"Microsoft"
2011-10-03,64592500,22.51,"Microsoft"
2011-09-30,54060500,22.84,"Microsoft"
2011-09-29,63407300,23.35,"Microsoft"
2011-09-28,60736200,23.47,"Microsoft"
2011-09-27,55620700,23.56,"Microsoft"
2011-09-26,51057600,23.35,"Microsoft"
2011-09-23,64768100,23,"Microsoft"
2011-09-22,96278300,23,"Microsoft"
2011-09-21,72750700,23.85,"Microsoft"
2011-09-20,49211900,24.76,"Microsoft"
2011-09-19,52324900,24.97,"Microsoft"
2011-09-16,89681500,24.89,"Microsoft"
2011-09-15,67808300,24.77,"Microsoft"
2011-09-14,66739200,24.32,"Microsoft"
2011-09-13,48792300,23.9,"Microsoft"
2011-09-12,55046100,23.76,"Microsoft"
2011-09-09,64529200,23.62,"Microsoft"
2011-09-08,65811900,24.06,"Microsoft"
2011-09-07,41961000,23.86,"Microsoft"
2011-09-06,54929300,23.41,"Microsoft"
2011-09-02,43894400,23.68,"Microsoft"
2011-09-01,60510800,24.05,"Microsoft"
2011-08-31,59300800,24.41,"Microsoft"
2011-08-30,57341400,24.07,"Microsoft"
2011-08-29,38863200,23.71,"Microsoft"
2011-08-26,71957000,23.17,"Microsoft"
2011-08-25,48192000,22.55,"Microsoft"
2011-08-24,45329700,22.85,"Microsoft"
2011-08-23,59670600,22.68,"Microsoft"
2011-08-22,54721000,22.01,"Microsoft"
2011-08-19,77397900,22.07,"Microsoft"
2011-08-18,105714200,22.64,"Microsoft"
2011-08-17,50923700,23.17,"Microsoft"
2011-08-16,54251500,23.26,"Microsoft"
2011-08-15,56529400,23.26,"Microsoft"
2011-08-12,64787100,22.89,"Microsoft"
2011-08-11,90690100,22.97,"Microsoft"
2011-08-10,127819900,22.07,"Microsoft"
2011-08-09,126268900,23.33,"Microsoft"
2014-10-13,-16445100,-56.16,"Difference"
2014-10-10,-14391600,-56.7,"Difference"
2014-10-09,-42889400,-55.17,"Difference"
2014-10-08,-24368300,-54.02,"Difference"
2014-10-07,-16344500,-53.22,"Difference"
2014-10-06,-16438900,-53.53,"Difference"
2014-10-03,-10992600,-53.53,"Difference"
2014-10-02,-22561600,-54.14,"Difference"
2014-10-01,-13353900,-53.28,"Difference"
2014-09-30,-22140600,-54.39,"Difference"
2014-09-29,-23521600,-53.67,"Difference"
2014-09-26,-35234700,-54.34,"Difference"
2014-09-25,-66890900,-51.83,"Difference"
2014-09-24,-33515400,-54.67,"Difference"
2014-09-23,-29916900,-56.08,"Difference"
2014-09-22,-14066100,-54,"Difference"
2014-09-19,131683900,-53.44,"Difference"
2014-09-18,-1490800,-55.11,"Difference"
2014-09-17,-22643200,-55.06,"Difference"
2014-09-16,-38953000,-54.1,"Difference"
2014-09-15,-23585800,-55.39,"Difference"
2014-09-12,-24381400,-54.96,"Difference"
2014-09-11,-33136700,-54.43,"Difference"
2014-09-10,-73439500,-54.16,"Difference"
2014-09-09,-149305100,-51.23,"Difference"
2014-09-08,-558800,-51.89,"Difference"
2014-09-05,-21470500,-53.06,"Difference"
2014-09-04,-59119300,-52.86,"Difference"
2014-09-03,-91548600,-53.98,"Difference"
2014-09-02,-30534600,-58.21,"Difference"
2014-08-29,-22959400,-57.07,"Difference"
2014-08-28,-50732200,-57.37,"Difference"
2014-08-27,-26004400,-57.26,"Difference"
2014-08-26,-18246700,-55.88,"Difference"
2014-08-25,-23246600,-56.37,"Difference"
2014-08-22,-25807900,-56.17,"Difference"
2014-08-21,-11149900,-55.36,"Difference"
2014-08-20,-27862100,-55.62,"Difference"
2014-08-19,-41159100,-55.2,"Difference"
2014-08-18,-20680900,-54.33,"Difference"
2014-08-15,-7339700,-53.47,"Difference"
2014-08-14,-8802800,-53.5,"Difference"
2014-08-13,-9026500,-53.43,"Difference"
2014-08-12,-12363900,-52.72,"Difference"
2014-08-11,-16233400,-53.06,"Difference"
2014-08-08,-12922300,-51.81,"Difference"
2014-08-07,-16396100,-51.52,"Difference"
2014-08-06,-13924000,-52.02,"Difference"
2014-08-05,-29666600,-51.84,"Difference"
2014-08-04,-5680600,-52.02,"Difference"
2014-08-01,-17340700,-53.06,"Difference"
2014-07-31,-25305500,-52.24,"Difference"
2014-07-30,-1088600,-54.35,"Difference"
2014-07-29,-15379900,-54.27,"Difference"
2014-07-28,-25633800,-54.83,"Difference"
2014-07-25,-16731300,-52.97,"Difference"
2014-07-24,-15003700,-52.43,"Difference"
2014-07-23,-40555100,-52.12,"Difference"
2014-07-22,-12101200,-49.7,"Difference"
2014-07-21,-1474600,-48.92,"Difference"
2014-07-18,-6580500,-49.55,"Difference"
2014-07-17,24882300,-48.38,"Difference"
2014-07-16,9816000,-50.5,"Difference"
2014-07-15,-16729200,-52.66,"Difference"
2014-07-14,-20928900,-54.09,"Difference"
2014-07-11,-9935000,-52.92,"Difference"
2014-07-10,-17831300,-53.14,"Difference"
2014-07-09,-17990100,-53.51,"Difference"
2014-07-08,-34003800,-53.36,"Difference"
2014-07-07,-34515600,-53.77,"Difference"
2014-07-03,-6922500,-52.02,"Difference"
2014-07-02,-8256900,-51.38,"Difference"
2014-07-01,-11306000,-51.45,"Difference"
2014-06-30,-18783500,-51.03,"Difference"
2014-06-27,10611000,-49.53,"Difference"
2014-06-26,-9024600,-48.99,"Difference"
2014-06-25,-16819900,-48.14,"Difference"
2014-06-24,-12526900,-48.34,"Difference"
2014-06-23,-24950100,-48.65,"Difference"
2014-06-20,-53133100,-49.04,"Difference"
2014-06-19,-15699800,-50.16,"Difference"
2014-06-18,-6417000,-50.33,"Difference"
2014-06-17,-7207400,-50.2,"Difference"
2014-06-16,-11355700,-50.5,"Difference"
2014-06-13,-28215000,-49.86,"Difference"
2014-06-12,-24930100,-51.5,"Difference"
2014-06-11,-27641000,-52.79,"Difference"
2014-06-10,-47659300,-52.93,"Difference"
2014-06-09,-60395800,-52.23,"Difference"
2014-06-06,-63424100,-50.55,"Difference"
2014-06-05,-44086200,-51.07,"Difference"
2014-06-04,-60661500,-51.59,"Difference"
2014-06-03,-55108400,-50.59,"Difference"
2014-06-02,-73833400,-48.82,"Difference"
2014-05-30,-106437600,-49.29,"Difference"
2014-05-29,-74230300,-50.23,"Difference"
2014-05-28,-53158900,-48.94,"Difference"
2014-05-27,-61055900,-48.99,"Difference"
2014-05-23,-40032400,-47.43,"Difference"
2014-05-22,-29988200,-46.47,"Difference"
2014-05-21,-26816200,-46.09,"Difference"
2014-05-20,-37388100,-46.53,"Difference"
2014-05-19,-54901400,-46.44,"Difference"
2014-05-16,-39197000,-45.36,"Difference"
2014-05-15,-19918300,-44.35,"Difference"
2014-05-14,-22782300,-44.43,"Difference"
2014-05-13,-12929500,-44.23,"Difference"
2014-05-12,-30519600,-44.83,"Difference"
2014-05-09,-43251800,-44.21,"Difference"
2014-05-08,-25453900,-44.46,"Difference"
2014-05-07,-28971600,-44.83,"Difference"
2014-05-06,-66528700,-45.48,"Difference"
2014-05-05,-49305900,-46.04,"Difference"
2014-05-02,-4462000,-44.6,"Difference"
2014-05-01,-32224600,-44.14,"Difference"
2014-04-30,-78701500,-43.55,"Difference"
2014-04-29,-54708200,-43.75,"Difference"
2014-04-28,-116761200,-43.65,"Difference"
2014-04-25,-40692000,-41.47,"Difference"
2014-04-24,-147596300,-40.92,"Difference"
2014-04-23,-74132200,-35.01,"Difference"
2014-04-22,-23584100,-35.7,"Difference"
2014-04-21,-23416000,-35.68,"Difference"
2014-04-17,-34394200,-34.73,"Difference"
2014-04-16,-23075600,-33.5,"Difference"
2014-04-15,-32653800,-33.99,"Difference"
2014-04-14,-19411900,-35.08,"Difference"
2014-04-11,-33599200,-34.76,"Difference"
2014-04-10,-13952200,-35.16,"Difference"
2014-04-09,-24143700,-35.03,"Difference"
2014-04-08,-25053500,-34.69,"Difference"
2014-04-07,-34903000,-34.72,"Difference"
2014-04-04,-17403200,-35.84,"Difference"
2014-04-03,-10446400,-35.69,"Difference"
2014-04-02,-16438500,-35.89,"Difference"
2014-04-01,-17585000,-35.7,"Difference"
2014-03-31,4719000,-35.42,"Difference"
2014-03-28,-6668300,-36.12,"Difference"
2014-03-27,-20138700,-37.14,"Difference"
2014-03-26,-32964500,-37.03,"Difference"
2014-03-25,-27380200,-37.23,"Difference"
2014-03-24,-42826800,-36.25,"Difference"
2014-03-21,-12789800,-35.7,"Difference"
2014-03-20,7170200,-34.94,"Difference"
2014-03-19,-20591800,-36.35,"Difference"
2014-03-18,11652100,-36.09,"Difference"
2014-03-17,-29406600,-36.91,"Difference"
2014-03-14,-32104200,-36.97,"Difference"
2014-03-13,-32266000,-37.62,"Difference"
2014-03-12,-19337500,-38.09,"Difference"
2014-03-11,-44589700,-38.26,"Difference"
2014-03-10,-25639400,-37.73,"Difference"
2014-03-07,-28590800,-37.58,"Difference"
2014-03-06,-22790000,-37.38,"Difference"
2014-03-05,-29495600,-37.64,"Difference"
2014-03-04,-37982600,-37.2,"Difference"
2014-03-03,-29977800,-37.32,"Difference"
2014-02-28,-51777200,-36.58,"Difference"
2014-02-27,-41567100,-37.23,"Difference"
2014-02-26,-28012500,-36.15,"Difference"
2014-02-25,-27251500,-36.75,"Difference"
2014-02-24,-40142300,-37.38,"Difference"
2014-02-21,-31674900,-36.77,"Difference"
2014-02-20,-48938400,-37.83,"Difference"
2014-02-19,-48691600,-38.94,"Difference"
2014-02-18,-32228900,-40.25,"Difference"
2014-02-14,-36823600,-40.05,"Difference"
2014-02-13,-39214000,-40.12,"Difference"
2014-02-12,-49973400,-39.06,"Difference"
2014-02-11,-38422800,-39.35,"Difference"
2014-02-10,-59622800,-38.73,"Difference"
2014-02-07,-59309600,-37.65,"Difference"
2014-02-06,-29089500,-37.01,"Difference"
2014-02-05,-26271800,-36.94,"Difference"
2014-02-04,-39472400,-35.89,"Difference"
2014-02-03,-36302900,-34.74,"Difference"
2014-01-31,-23037000,-33.28,"Difference"
2014-01-30,-134589100,-34.13,"Difference"
2014-01-29,-72956600,-34.46,"Difference"
2014-01-28,-230175300,-35.64,"Difference"
2014-01-27,-94298900,-42.07,"Difference"
2014-01-24,-30943200,-40.68,"Difference"
2014-01-23,-56855800,-42.83,"Difference"
2014-01-22,-73092000,-42.31,"Difference"
2014-01-21,-50564400,-41.72,"Difference"
2014-01-17,-60417400,-40.34,"Difference"
2014-01-16,-19300800,-41.75,"Difference"
2014-01-15,-53097100,-42.31,"Difference"
2014-01-14,-41517100,-41.73,"Difference"
2014-01-13,-48721300,-41.02,"Difference"
2014-01-10,-35695200,-39.59,"Difference"
2014-01-09,-33270900,-40.59,"Difference"
2014-01-08,-4660700,-41.34,"Difference"
2014-01-07,-43499500,-40.23,"Difference"
2014-01-06,-59549000,-41.04,"Difference"
2014-01-03,-66982100,-39.87,"Difference"
2014-01-02,-28039000,-41.33,"Difference"
2013-12-31,-38267600,-42.19,"Difference"
2013-12-30,-47116900,-41.39,"Difference"
2013-12-27,-41908100,-42.17,"Difference"
2013-12-26,-33389200,-42.57,"Difference"
2013-12-24,-27645700,-43.45,"Difference"
2013-12-23,-100197900,-44.24,"Difference"
2013-12-20,-46454300,-41.1,"Difference"
2013-12-19,-45917100,-41,"Difference"
2013-12-18,-78273700,-41.56,"Difference"
2013-12-17,-11787900,-42.22,"Difference"
2013-12-16,-38914000,-42.21,"Difference"
2013-12-13,-43139400,-41.97,"Difference"
2013-12-12,-29559700,-42.31,"Difference"
2013-12-11,-50076300,-42.04,"Difference"
2013-12-10,-31738800,-42.14,"Difference"
2013-12-09,-49837400,-41.67,"Difference"
2013-12-06,-49630800,-41.12,"Difference"
2013-12-05,4410000,-42.58,"Difference"
2013-12-04,-42468800,-41.25,"Difference"
2013-12-03,-60632200,-42.06,"Difference"
2013-12-02,-75185800,-39.8,"Difference"
2013-11-29,-57441500,-40.79,"Difference"
2013-11-27,-64860000,-39.89,"Difference"
2013-11-26,-65880400,-38.37,"Difference"
2013-11-25,-26681100,-36.73,"Difference"
2013-11-22,-27949400,-36.24,"Difference"
2013-11-21,-42442000,-36.6,"Difference"
2013-11-20,-16249300,-36.05,"Difference"
2013-11-19,-7959700,-37.02,"Difference"
2013-11-18,-7958500,-36.72,"Difference"
2013-11-15,-28878800,-36.99,"Difference"
2013-11-14,-24421100,-37.26,"Difference"
2013-11-13,-4347600,-36.06,"Difference"
2013-11-12,-19417600,-36.75,"Difference"
2013-11-11,-29990600,-36.4,"Difference"
2013-11-08,-33091400,-36.42,"Difference"
2013-11-07,-5217700,-35.56,"Difference"
2013-11-06,33104900,-36.08,"Difference"
2013-11-05,-14621400,-37.79,"Difference"
2013-11-04,-33096200,-38.65,"Difference"
2013-11-01,-28457900,-38.11,"Difference"
2013-10-31,-27241800,-38.6,"Difference"
2013-10-30,-51543200,-38.78,"Difference"
2013-10-29,-127249600,-37.65,"Difference"
2013-10-28,-99226600,-39.45,"Difference"
2013-10-25,29046000,-38.75,"Difference"
2013-10-24,-42981500,-41.53,"Difference"
2013-10-23,-19830300,-40.52,"Difference"
2013-10-22,-93077400,-39.01,"Difference"
2013-10-21,-72093200,-38.83,"Difference"
2013-10-18,-30823800,-37.1,"Difference"
2013-10-17,-32039100,-36.53,"Difference"
2013-10-16,-27663700,-36.34,"Difference"
2013-10-15,-32920600,-36.14,"Difference"
2013-10-14,-37716600,-35.81,"Difference"
2013-10-11,-36901400,-35.67,"Difference"
2013-10-10,-26775600,-35.58,"Difference"
2013-10-09,-39552700,-35.83,"Difference"
2013-10-08,-31711700,-35.1,"Difference"
2013-10-07,-43003800,-35.77,"Difference"
2013-10-04,-31709000,-34.54,"Difference"
2013-10-03,-41984500,-34.61,"Difference"
2013-10-02,-25349200,-35.42,"Difference"
2013-10-01,-51752200,-35.53,"Difference"
2013-09-30,-25199600,-34.25,"Difference"
2013-09-27,-1662100,-35.1,"Difference"
2013-09-26,-30801400,-36.07,"Difference"
2013-09-25,-50331800,-35.67,"Difference"
2013-09-24,-50401100,-36.78,"Difference"
2013-09-23,-150700600,-36.71,"Difference"
2013-09-20,-71920800,-33.42,"Difference"
2013-09-19,-59108700,-33.28,"Difference"
2013-09-18,-50115600,-32.53,"Difference"
2013-09-17,-15128700,-31.6,"Difference"
2013-09-16,-83087000,-30.99,"Difference"
2013-09-13,-33809900,-32.84,"Difference"
2013-09-12,-68152600,-34.26,"Difference"
2013-09-11,-185586600,-33.51,"Difference"
2013-09-10,-128917700,-37.61,"Difference"
2013-09-09,-35543300,-39.93,"Difference"
2013-09-06,-14446500,-39.32,"Difference"
2013-09-05,12553000,-38.83,"Difference"
2013-09-04,56062400,-39.34,"Difference"
2013-09-03,71524800,-37.27,"Difference"
2013-08-30,-25284100,-35.6,"Difference"
2013-08-29,-14629700,-36.08,"Difference"
2013-08-28,-32644600,-36.48,"Difference"
2013-08-27,-47524900,-35.93,"Difference"
2013-08-26,-9954600,-37.07,"Difference"
2013-08-23,169810900,-36.21,"Difference"
2013-08-22,-29882000,-38.78,"Difference"
2013-08-21,-46560800,-39.45,"Difference"
2013-08-20,-66692500,-39.26,"Difference"
2013-08-19,-99727100,-40.42,"Difference"
2013-08-16,-57710200,-39.27,"Difference"
2013-08-15,-89235500,-38.66,"Difference"
2013-08-14,-140573500,-38.19,"Difference"
2013-08-13,-181021200,-37.06,"Difference"
2013-08-12,-65614800,-33.56,"Difference"
2013-08-09,-39915600,-31.92,"Difference"
2013-08-08,-4909900,-32.65,"Difference"
2013-08-07,-36635900,-33.58,"Difference"
2013-08-06,-47382900,-34.09,"Difference"
2013-08-05,-48729900,-34.55,"Difference"
2013-08-02,-39496000,-33.41,"Difference"
2013-08-01,-9004800,-32.81,"Difference"
2013-07-31,-36841000,-32.07,"Difference"
2013-07-30,-31556100,-32.17,"Difference"
2013-07-29,-33143700,-31.7,"Difference"
2013-07-26,-11404500,-30.68,"Difference"
2013-07-25,5839600,-30.56,"Difference"
2013-07-24,-95181100,-30.29,"Difference"
2013-07-23,-26538500,-27.43,"Difference"
2013-07-22,27091600,-28.27,"Difference"
2013-07-19,181248100,-28.67,"Difference"
2013-07-18,-5172600,-25.71,"Difference"
2013-07-17,-12462500,-25.22,"Difference"
2013-07-16,-17756000,-24.7,"Difference"
2013-07-15,-26336700,-24.4,"Difference"
2013-07-12,-34389600,-24.76,"Difference"
2013-07-11,-27934800,-24.85,"Difference"
2013-07-10,-40692600,-24.89,"Difference"
2013-07-09,-62827600,-25.46,"Difference"
2013-07-08,-42137700,-24.46,"Difference"
2013-07-05,-42420300,-24.91,"Difference"
2013-07-03,-44237800,-25.57,"Difference"
2013-07-02,-79836300,-25.32,"Difference"
2013-07-01,-66708000,-23.62,"Difference"
2013-06-28,-79083600,-21.69,"Difference"
2013-06-27,-55318400,-21.23,"Difference"
2013-06-26,-43265100,-22.09,"Difference"
2013-06-25,-34467300,-23.38,"Difference"
2013-06-24,-64077500,-23.32,"Difference"
2013-06-21,-34941100,-25.27,"Difference"
2013-06-20,-34834000,-25.52,"Difference"
2013-06-19,-46918800,-25.32,"Difference"
2013-06-18,-20139900,-26.15,"Difference"
2013-06-17,-15183500,-26.17,"Difference"
2013-06-14,-14773900,-26.48,"Difference"
2013-06-13,-25803200,-26.99,"Difference"
2013-06-12,-28934100,-26.19,"Difference"
2013-06-11,-32092200,-27.1,"Difference"
2013-06-10,-76543800,-26.67,"Difference"
2013-06-07,-60376600,-26.89,"Difference"
2013-06-06,-66615000,-27.1,"Difference"
2013-06-05,-26622300,-28.21,"Difference"
2013-06-04,-7652700,-28.58,"Difference"
2013-06-03,-41835500,-28.19,"Difference"
2013-05-31,-39910000,-28.73,"Difference"
2013-05-30,-37248900,-28.86,"Difference"
2013-05-29,-44231900,-28.08,"Difference"
2013-05-28,-48324200,-27.46,"Difference"
2013-05-24,-35867300,-28.7,"Difference"
2013-05-23,-37152600,-28.39,"Difference"
2013-05-22,-44712100,-27.84,"Difference"
2013-05-21,-65303100,-27.38,"Difference"
2013-05-20,-58873800,-27.61,"Difference"
2013-05-17,-46309400,-26.47,"Difference"
2013-05-16,-91418100,-27.41,"Difference"
2013-05-15,-139099500,-26.84,"Difference"
2013-05-14,-54909400,-29.23,"Difference"
2013-05-13,-43209600,-31.45,"Difference"
2013-05-10,-47318100,-31.53,"Difference"
2013-05-09,-53204100,-32.08,"Difference"
2013-05-08,-66553800,-32.33,"Difference"
2013-05-07,-77860000,-31.31,"Difference"
2013-05-06,-83182100,-31.17,"Difference"
2013-05-03,-43540600,-29.94,"Difference"
2013-05-02,-59397600,-29.64,"Difference"
2013-05-01,-72396400,-29.2,"Difference"
2013-04-30,-97719400,-29.32,"Difference"
2013-04-29,-100965200,-28.04,"Difference"
2013-04-26,-143225100,-27.05,"Difference"
2013-04-25,14490800,-25.69,"Difference"
2013-04-24,-151466200,-25.46,"Difference"
2013-04-23,-106932700,-26.67,"Difference"
2013-04-22,30423900,-25.42,"Difference"
2013-04-19,-52527900,-25.3,"Difference"
2013-04-18,-109668200,-26.45,"Difference"
2013-04-17,-183423300,-27.9,"Difference"
2013-04-16,-23645500,-31,"Difference"
2013-04-15,-23047100,-30.39,"Difference"
2013-04-12,3233000,-31.66,"Difference"
2013-04-11,48832100,-32.14,"Difference"
2013-04-10,-22865300,-31.04,"Difference"
2013-04-09,1080300,-30.49,"Difference"
2013-04-08,-40447800,-31.35,"Difference"
2013-04-05,-44996500,-30.84,"Difference"
2013-04-04,-44348700,-31.55,"Difference"
2013-04-03,-55741200,-32.18,"Difference"
2013-04-02,-103923300,-31.65,"Difference"
2013-04-01,-68231900,-31.71,"Difference"
2013-03-28,-55256100,-33.6,"Difference"
2013-03-27,-46761900,-35.13,"Difference"
2013-03-26,-45749200,-36.59,"Difference"
2013-03-25,-81129900,-36.93,"Difference"
2013-03-22,-70055400,-36.61,"Difference"
2013-03-21,-61580700,-35.47,"Difference"
2013-03-20,-41717400,-35.18,"Difference"
2013-03-19,-79792200,-35.65,"Difference"
2013-03-18,-106739900,-35.89,"Difference"
2013-03-15,-68279900,-34.29,"Difference"
2013-03-14,-20054100,-32.66,"Difference"
2013-03-13,-72293900,-32.3,"Difference"
2013-03-12,-77222700,-32.32,"Difference"
2013-03-11,-81931500,-33.65,"Difference"
2013-03-08,-60202700,-32.68,"Difference"
2013-03-07,-87921700,-32.4,"Difference"
2013-03-06,-63614000,-31.76,"Difference"
2013-03-05,-118176200,-32.26,"Difference"
2013-03-04,-107531400,-30.93,"Difference"
2013-03-01,-103262400,-32.56,"Difference"
2013-02-28,-44788600,-34.21,"Difference"
2013-02-27,-110442900,-34.64,"Difference"
2013-02-26,-75451600,-35.66,"Difference"
2013-02-25,-45133000,-34.81,"Difference"
2013-02-22,-51237800,-35.55,"Difference"
2013-02-21,-62717100,-35.15,"Difference"
2013-02-20,-74965400,-35.17,"Difference"
2013-02-19,-70164500,-36.53,"Difference"
2013-02-15,-48285400,-36.81,"Difference"
2013-02-14,-56155600,-37.67,"Difference"
2013-02-13,-77086300,-37.74,"Difference"
2013-02-12,-116272400,-38,"Difference"
2013-02-11,-97124900,-39.68,"Difference"
2013-02-08,-124971100,-39.3,"Difference"
2013-02-07,-138116900,-38.62,"Difference"
2013-02-06,-106537000,-36.7,"Difference"
2013-02-05,-107926500,-36.62,"Difference"
2013-02-04,-68739300,-34.54,"Difference"
2013-02-01,-79305200,-35.63,"Difference"
2013-01-31,-29303600,-36.34,"Difference"
2013-01-30,-60708300,-36.14,"Difference"
2013-01-29,-93546900,-36.19,"Difference"
2013-01-28,-140322900,-35.13,"Difference"
2013-01-25,-220158900,-33.79,"Difference"
2013-01-24,-263473800,-35.48,"Difference"
2013-01-23,-164989700,-44.21,"Difference"
2013-01-22,-56736000,-43.38,"Difference"
2013-01-18,-66063000,-42.63,"Difference"
2013-01-17,-61733700,-43,"Difference"
2013-01-16,-131623800,-43.66,"Difference"
2013-01-15,-170948600,-40.74,"Difference"
2013-01-14,-135227500,-43.22,"Difference"
2013-01-11,-32114600,-45.81,"Difference"
2013-01-10,-78855200,-46.6,"Difference"
2013-01-09,-52853200,-45.5,"Difference"
2013-01-08,-69973700,-46.77,"Difference"
2013-01-07,-83928700,-46.44,"Difference"
2013-01-04,-96062300,-46.82,"Difference"
2013-01-03,-39946900,-48.4,"Difference"
2013-01-02,-87230200,-49,"Difference"
2012-12-31,-122123600,-47.56,"Difference"
2012-12-28,-60329700,-44.61,"Difference"
2012-12-27,-74386100,-44.97,"Difference"
2012-12-26,-43978000,-44.78,"Difference"
2012-12-24,-23095900,-45.57,"Difference"
2012-12-21,-50290600,-45.09,"Difference"
2012-12-20,-67815100,-45.2,"Difference"
2012-12-19,-58822400,-46.18,"Difference"
2012-12-18,-105934400,-46.98,"Difference"
2012-12-17,-147355700,-45.36,"Difference"
2012-12-14,-210317300,-44.39,"Difference"
2012-12-13,-111234800,-46.84,"Difference"
2012-12-12,-77819700,-47.98,"Difference"
2012-12-11,-95803600,-48.24,"Difference"
2012-12-10,-110590000,-47.02,"Difference"
2012-12-07,-150598100,-47.94,"Difference"
2012-12-06,-255120800,-49.6,"Difference"
2012-12-05,-192875700,-48.5,"Difference"
2012-12-04,-89489600,-53.87,"Difference"
2012-12-03,-37896200,-55.22,"Difference"
2012-11-30,-14139700,-54.92,"Difference"
2012-11-29,-59123300,-55.17,"Difference"
2012-11-28,-77197700,-53.9,"Difference"
2012-11-27,-88313900,-54.41,"Difference"
2012-11-26,-72446200,-54.77,"Difference"
2012-11-23,-10360900,-52.01,"Difference"
2012-11-21,-26890200,-51.38,"Difference"
2012-11-20,-113618100,-51.5,"Difference"
2012-11-19,-148650100,-52.14,"Difference"
2012-11-16,-252640100,-47.12,"Difference"
2012-11-15,-146522100,-46.7,"Difference"
2012-11-14,-43206500,-48.07,"Difference"
2012-11-13,-1548100,-48.67,"Difference"
2012-11-12,-67838200,-47.8,"Difference"
2012-11-09,-189187200,-47.8,"Difference"
2012-11-08,-214194700,-46.54,"Difference"
2012-11-07,-140540400,-49.07,"Difference"
2012-11-06,-50327800,-51.37,"Difference"
2012-11-05,-94213100,-51.83,"Difference"
2012-11-02,-92711800,-50.89,"Difference"
2012-11-01,-18276600,-53.56,"Difference"
2012-10-31,-58036700,-54.32,"Difference"
2012-10-26,-196818200,-55.82,"Difference"
2012-10-25,-109997100,-56.88,"Difference"
2012-10-24,-86311400,-57.86,"Difference"
2012-10-23,-112371600,-57.24,"Difference"
2012-10-22,-53308700,-60.12,"Difference"
2012-10-19,-95550700,-56.2,"Difference"
2012-10-18,-59917600,-58.51,"Difference"
2012-10-17,-53053300,-60.06,"Difference"
2012-10-16,-89703500,-60.86,"Difference"
2012-10-15,-65685300,-58.78,"Difference"
2012-10-12,-68539000,-58.4,"Difference"
2012-10-11,-95031800,-58.41,"Difference"
2012-10-10,-80361900,-60.12,"Difference"
2012-10-09,-164528200,-59.15,"Difference"
2012-10-08,-129746500,-59,"Difference"
2012-10-05,-107367600,-60.9,"Difference"
2012-10-04,-49046500,-62.67,"Difference"
2012-10-03,-59414400,-63.46,"Difference"
2012-10-02,-113659200,-62.27,"Difference"
2012-10-01,-81856000,-62.17,"Difference"
2012-09-28,-79548400,-62.97,"Difference"
2012-09-27,-101392600,-64.53,"Difference"
2012-09-26,-89453800,-62.32,"Difference"
2012-09-25,-75431000,-63.25,"Difference"
2012-09-24,-113115700,-65.24,"Difference"
2012-09-21,-40548400,-66.12,"Difference"
2012-09-20,-38599100,-65.68,"Difference"
2012-09-19,-32846800,-66.52,"Difference"
2012-09-18,-58833100,-66.38,"Difference"
2012-09-17,-63019300,-66.06,"Difference"
2012-09-14,-98695700,-64.9,"Difference"
2012-09-13,-104542700,-64.01,"Difference"
2012-09-12,-145282500,-62.37,"Difference"
2012-09-11,-100804000,-61.11,"Difference"
2012-09-10,-81475500,-61.46,"Difference"
2012-09-07,-39767500,-63.67,"Difference"
2012-09-06,-49427400,-62.72,"Difference"
2012-09-05,-50443800,-62.79,"Difference"
2012-09-04,-43416300,-63.44,"Difference"
2012-08-31,-47990200,-61.71,"Difference"
2012-08-30,-51692800,-62,"Difference"
2012-08-29,-27354900,-63,"Difference"
2012-08-28,-42906300,-63.2,"Difference"
2012-08-27,-72061000,-63.26,"Difference"
2012-08-24,-86391800,-61.68,"Difference"
2012-08-23,-76676600,-61.89,"Difference"
2012-08-22,-107893300,-62.47,"Difference"
2012-08-21,-174357200,-60.48,"Difference"
2012-08-20,-129608500,-61.77,"Difference"
2012-08-17,-78100400,-59.3,"Difference"
2012-08-16,-27846300,-57.81,"Difference"
2012-08-15,-39984600,-57.6,"Difference"
2012-08-14,-50490900,-57.79,"Difference"
2012-08-13,-46659000,-57.5,"Difference"
2012-08-10,-20924400,-56.33,"Difference"
2012-08-09,-30489800,-56.13,"Difference"
2012-08-08,-34918900,-55.81,"Difference"
2012-08-07,-44608800,-56.01,"Difference"
2012-08-06,-48054000,-56.53,"Difference"
2012-08-03,-50370800,-55.78,"Difference"
2012-08-02,-43519100,-55.24,"Difference"
2012-08-01,-64403600,-54.9,"Difference"
2012-07-31,-77961000,-55.37,"Difference"
2012-07-30,-65880600,-53.08,"Difference"
2012-07-27,-56741500,-51.63,"Difference"
2012-07-26,-56356800,-50.79,"Difference"
2012-07-25,-173748700,-51.11,"Difference"
2012-07-24,-93559800,-54.34,"Difference"
2012-07-23,-66842000,-54.61,"Difference"
2012-07-20,-35346100,-53.89,"Difference"
2012-07-19,-62552200,-54.74,"Difference"
2012-07-18,-22084600,-53.85,"Difference"
2012-07-17,-39634900,-54.68,"Difference"
2012-07-16,-47414500,-54.88,"Difference"
2012-07-13,-38771800,-54.67,"Difference"
2012-07-12,-43486800,-54.55,"Difference"
2012-07-11,-78145600,-54.67,"Difference"
2012-07-10,-90455300,-54.78,"Difference"
2012-07-09,-64170600,-55.31,"Difference"
2012-07-06,-66437800,-54.04,"Difference"
2012-07-05,-92293900,-54.11,"Difference"
2012-07-03,-39490100,-52.63,"Difference"
2012-07-02,-69433900,-51.88,"Difference"
2012-06-29,-50148000,-50.69,"Difference"
2012-06-28,-25380700,-49.3,"Difference"
2012-06-27,-16967600,-49.8,"Difference"
2012-06-26,-30712800,-49.6,"Difference"
2012-06-25,-33878400,-49.57,"Difference"
2012-06-22,-26019800,-50.33,"Difference"
2012-06-21,-33131200,-50.26,"Difference"
2012-06-20,-53478700,-50.61,"Difference"
2012-06-19,-14625300,-51.05,"Difference"
2012-06-18,-51423100,-51.64,"Difference"
2012-06-15,-21499400,-49.89,"Difference"
2012-06-14,-46934400,-50.17,"Difference"
2012-06-13,-40410400,-50.45,"Difference"
2012-06-12,-73507200,-50.84,"Difference"
2012-06-11,-101454300,-50.53,"Difference"
2012-06-08,-44328000,-51.07,"Difference"
2012-06-07,-57148900,-50.3,"Difference"
2012-06-06,-53503400,-50.15,"Difference"
2012-06-05,-51338200,-49.76,"Difference"
2012-06-04,-91322600,-49.93,"Difference"
2012-06-01,-73612600,-49.57,"Difference"
2012-05-31,-83784600,-51.16,"Difference"
2012-05-30,-90771900,-51.21,"Difference"
2012-05-29,-57368400,-50.06,"Difference"
2012-05-25,-52619600,-49.18,"Difference"
2012-05-24,-71482500,-49.58,"Difference"
2012-05-23,-81053400,-50.25,"Difference"
2012-05-22,-134212700,-47.8,"Difference"
2012-05-21,-118988600,-48.39,"Difference"
2012-05-18,-126867800,-44.64,"Difference"
2012-05-17,-130821000,-44.19,"Difference"
2012-05-16,-80140300,-46.19,"Difference"
2012-05-15,-57261200,-46.86,"Difference"
2012-05-14,-47627700,-47.29,"Difference"
2012-05-11,-56427200,-48,"Difference"
2012-05-10,-39460800,-48.91,"Difference"
2012-05-09,-69866700,-48.7,"Difference"
2012-05-08,-77984700,-48.81,"Difference"
2012-05-07,-66388200,-48.85,"Difference"
2012-05-04,-74570900,-47.97,"Difference"
2012-05-03,-66136100,-49.49,"Difference"
2012-05-02,-69462000,-50.03,"Difference"
2012-05-01,-108917500,-49.3,"Difference"
2012-04-30,-90839000,-49.54,"Difference"
2012-04-27,-60261500,-52.17,"Difference"
2012-04-26,-93709000,-52.69,"Difference"
2012-04-25,-163948900,-52.91,"Difference"
2012-04-24,-228166200,-46.41,"Difference"
2012-04-23,-180234100,-47.79,"Difference"
2012-04-20,-151701300,-47.68,"Difference"
2012-04-19,-153898600,-50.96,"Difference"
2012-04-18,-198079900,-53.67,"Difference"
2012-04-17,-222020500,-53.58,"Difference"
2012-04-16,-224571900,-49.9,"Difference"
2012-04-13,-175162000,-53.56,"Difference"
2012-04-12,-115280200,-55.79,"Difference"
2012-04-11,-131139700,-56.83,"Difference"
2012-04-10,-168300000,-57.03,"Difference"
2012-04-09,-118327800,-57.5,"Difference"
2012-04-05,-109955900,-56.77,"Difference"
2012-04-04,-93789300,-55.77,"Difference"
2012-04-03,-165887800,-55.78,"Difference"
2012-04-02,-113734300,-54,"Difference"
2012-03-30,-151010100,-51.44,"Difference"
2012-03-29,-115021100,-52.97,"Difference"
2012-03-28,-122520300,-53.96,"Difference"
2012-03-27,-115507500,-53.23,"Difference"
2012-03-26,-112177200,-52.14,"Difference"
2012-03-23,-71710000,-51.19,"Difference"
2012-03-22,-124218200,-51.65,"Difference"
2012-03-21,-123081900,-52.16,"Difference"
2012-03-20,-162598700,-52.56,"Difference"
2012-03-19,-180519800,-51.7,"Difference"
2012-03-16,-140745500,-49.22,"Difference"
2012-03-15,-240861200,-48.99,"Difference"
2012-03-14,-312724100,-49.61,"Difference"
2012-03-13,-123762100,-46.79,"Difference"
2012-03-12,-67747000,-45.18,"Difference"
2012-03-09,-70101400,-44.3,"Difference"
2012-03-08,-92366900,-43.85,"Difference"
2012-03-07,-165289800,-42.47,"Difference"
2012-03-06,-150626800,-42.68,"Difference"
2012-03-05,-157041100,-42.85,"Difference"
2012-03-02,-60613900,-44.21,"Difference"
2012-03-01,-93473400,-43.93,"Difference"
2012-02-29,-178679200,-44.16,"Difference"
2012-02-28,-104866200,-43.09,"Difference"
2012-02-27,-102327100,-42.25,"Difference"
2012-02-24,-68192600,-41.68,"Difference"
2012-02-23,-106972200,-40.97,"Difference"
2012-02-22,-71572400,-40.61,"Difference"
2012-02-21,-100568900,-40.69,"Difference"
2012-02-17,-63914800,-39.14,"Difference"
2012-02-16,-141432900,-39.11,"Difference"
2012-02-15,-333218700,-39.65,"Difference"
2012-02-14,-55455600,-41.07,"Difference"
2012-02-13,-95984200,-40.02,"Difference"
2012-02-10,-113220200,-38.84,"Difference"
2012-02-09,-170572100,-38.56,"Difference"
2012-02-08,-52313400,-36.42,"Difference"
2012-02-07,-39813500,-35.64,"Difference"
2012-02-06,-34313500,-35.12,"Difference"
2012-02-03,-29811400,-34.5,"Difference"
2012-02-02,5524200,-34.15,"Difference"
2012-02-01,-101600,-34.34,"Difference"
2012-01-31,-47348500,-34.72,"Difference"
2012-01-30,-43720500,-34.17,"Difference"
2012-01-27,-30739600,-33.74,"Difference"
2012-01-26,-31893500,-33.14,"Difference"
2012-01-25,-180346800,-33.36,"Difference"
2012-01-24,-85206200,-29.99,"Difference"
2012-01-23,-437500,-30.58,"Difference"
2012-01-20,62409300,-29.64,"Difference"
2012-01-19,8618900,-32.12,"Difference"
2012-01-18,-4337200,-32.2,"Difference"
2012-01-17,11671000,-31.57,"Difference"
2012-01-13,3690700,-30.92,"Difference"
2012-01-12,-3776000,-31.36,"Difference"
2012-01-11,11811200,-31.78,"Difference"
2012-01-10,-4534700,-31.77,"Difference"
2012-01-09,-38799300,-31.65,"Difference"
2012-01-06,19882300,-31.4,"Difference"
2012-01-05,-11736000,-31.21,"Difference"
2012-01-04,15510600,-30.84,"Difference"
2012-01-03,-10823700,-31.12,"Difference"
2011-12-30,-17519800,-31.03,"Difference"
2011-12-29,-31377600,-30.98,"Difference"
2011-12-28,-27343000,-30.84,"Difference"
2011-12-27,-44981800,-31.15,"Difference"
2011-12-23,-44144000,-30.73,"Difference"
2011-12-22,-14795600,-30.29,"Difference"
2011-12-21,-1604500,-30.05,"Difference"
2011-12-20,-23536200,-29.73,"Difference"
2011-12-19,-6624300,-28.33,"Difference"
2011-12-16,-3961500,-27.73,"Difference"
2011-12-15,-17836100,-27.86,"Difference"
2011-12-14,-53795500,-28,"Difference"
2011-12-13,-30151100,-29.01,"Difference"
2011-12-12,-36320900,-29.65,"Difference"
2011-12-09,-20459800,-29.72,"Difference"
2011-12-08,-33566900,-29.6,"Difference"
2011-12-07,-13519600,-29.2,"Difference"
2011-12-06,-24724200,-29.4,"Difference"
2011-12-05,-32484100,-29.64,"Difference"
2011-12-02,-42470100,-29.63,"Difference"
2011-12-01,-48249900,-29.34,"Difference"
2011-11-30,-20133700,-28.28,"Difference"
2011-11-29,-53046700,-27.74,"Difference"
2011-11-28,-39836600,-28.11,"Difference"
2011-11-25,-37525600,-26.93,"Difference"
2011-11-23,-57968100,-27.24,"Difference"
2011-11-22,-53050800,-28.24,"Difference"
2011-11-21,-50112600,-27.03,"Difference"
2011-11-18,-45358300,-27.55,"Difference"
2011-11-17,-48997600,-27.67,"Difference"
2011-11-16,-34039800,-28.18,"Difference"
2011-11-15,-63828500,-28.11,"Difference"
2011-11-14,-74027100,-26.97,"Difference"
2011-11-11,-125543500,-27.57,"Difference"
2011-11-10,-153673700,-28.22,"Difference"
2011-11-09,-76720100,-29.67,"Difference"
2011-11-08,-52288000,-30.27,"Difference"
2011-11-07,-24979200,-29.72,"Difference"
2011-11-04,-39008100,-30.29,"Difference"
2011-11-03,-44510500,-30.41,"Difference"
2011-11-02,-28304600,-30.13,"Difference"
2011-11-01,-71764900,-30.02,"Difference"
2011-10-31,-49576300,-30.56,"Difference"
2011-10-28,-22998600,-30.26,"Difference"
2011-10-27,-49153800,-29.97,"Difference"
2011-10-26,-51046300,-30.03,"Difference"
2011-10-25,-54052200,-29.44,"Difference"
2011-10-24,-68636700,-30.18,"Difference"
2011-10-21,-78690500,-28.46,"Difference"
2011-10-20,-61017400,-28.9,"Difference"
2011-10-19,-233134900,-29.26,"Difference"
2011-10-18,-167912700,-32.31,"Difference"
2011-10-17,-132057900,-32.3,"Difference"
2011-10-14,-92394100,-32.32,"Difference"
2011-10-13,-62722800,-30.55,"Difference"
2011-10-12,-103081700,-29.91,"Difference"
2011-10-11,-112595700,-29.61,"Difference"
2011-10-10,-68813400,-28.11,"Difference"
2011-10-07,-81122900,-26.15,"Difference"
2011-10-06,-148034200,-27.1,"Difference"
2011-10-05,-102556100,-27.63,"Difference"
2011-10-04,-224933900,-27.36,"Difference"
2011-10-03,-102682300,-28.39,"Difference"
2011-09-30,-82849700,-28.97,"Difference"
2011-09-29,-99364400,-29.72,"Difference"
2011-09-28,-46673200,-30.47,"Difference"
2011-09-27,-102503700,-30.69,"Difference"
2011-09-26,-152161500,-31.43,"Difference"
2011-09-23,-71801200,-31.93,"Difference"
2011-09-22,-145841900,-31.6,"Difference"
2011-09-21,-78743300,-32.15,"Difference"
2011-09-20,-144726600,-31.42,"Difference"
2011-09-19,-153640300,-30.96,"Difference"
2011-09-16,-84946800,-29.53,"Difference"
2011-09-15,-36646400,-28.62,"Difference"
2011-09-14,-66941900,-28.57,"Difference"
2011-09-13,-61347800,-28.36,"Difference"
2011-09-12,-61912000,-27.86,"Difference"
2011-09-09,-76674100,-27.67,"Difference"
2011-09-08,-38227700,-28.13,"Difference"
2011-09-07,-45683200,-28.3,"Difference"
2011-09-06,-72495200,-28.19,"Difference"
2011-09-02,-65840400,-27.14,"Difference"
2011-09-01,-25420500,-27.72,"Difference"
2011-08-31,-71345800,-27.88,"Difference"
2011-08-30,-47139200,-28.92,"Difference"
2011-08-29,-62454100,-29.27,"Difference"
2011-08-26,-88412300,-28.95,"Difference"
2011-08-25,-169644500,-28.23,"Difference"
2011-08-24,-111237200,-28.26,"Difference"
2011-08-23,-104538200,-28.08,"Difference"
2011-08-22,-79107800,-26.42,"Difference"
2011-08-19,-116574200,-26.3,"Difference"
2011-08-18,-107144600,-27.09,"Difference"
2011-08-17,-59591600,-28.52,"Difference"
2011-08-16,-70436000,-28.44,"Difference"
2011-08-15,-58606600,-28.83,"Difference"
2011-08-12,-67456900,-28.33,"Difference"
2011-08-11,-94802200,-27.8,"Difference"
2011-08-10,-91844300,-27.34,"Difference"
2011-08-09,-144377000,-27.49,"Difference"
